file,line,type,commit,author,date,time,timezone,datetime,depth,length
style.css,1,css,376e31cb,Juntong Ye,2025-04-17,19:06:36,-07:00,2025-04-17T19:06:36-07:00,0,0
style.css,2,css,deac9d85,Juntong Ye,2025-04-11,20:44:27,-07:00,2025-04-11T20:44:27-07:00,0,0
style.css,3,css,deac9d85,Juntong Ye,2025-04-11,20:44:27,-07:00,2025-04-11T20:44:27-07:00,0,6
style.css,4,css,376e31cb,Juntong Ye,2025-04-17,19:06:36,-07:00,2025-04-17T19:06:36-07:00,0,19
style.css,5,css,376e31cb,Juntong Ye,2025-04-17,19:06:36,-07:00,2025-04-17T19:06:36-07:00,0,16
style.css,6,css,376e31cb,Juntong Ye,2025-04-17,19:06:36,-07:00,2025-04-17T19:06:36-07:00,0,18
style.css,7,css,376e31cb,Juntong Ye,2025-04-17,19:06:36,-07:00,2025-04-17T19:06:36-07:00,0,22
style.css,8,css,376e31cb,Juntong Ye,2025-04-17,19:06:36,-07:00,2025-04-17T19:06:36-07:00,0,40
style.css,9,css,376e31cb,Juntong Ye,2025-04-17,19:06:36,-07:00,2025-04-17T19:06:36-07:00,0,0
style.css,10,css,376e31cb,Juntong Ye,2025-04-17,19:06:36,-07:00,2025-04-17T19:06:36-07:00,0,0
style.css,11,css,376e31cb,Juntong Ye,2025-04-17,19:06:36,-07:00,2025-04-17T19:06:36-07:00,0,25
style.css,12,css,376e31cb,Juntong Ye,2025-04-17,19:06:36,-07:00,2025-04-17T19:06:36-07:00,0,36
style.css,13,css,376e31cb,Juntong Ye,2025-04-17,19:06:36,-07:00,2025-04-17T19:06:36-07:00,0,6
style.css,14,css,376e31cb,Juntong Ye,2025-04-17,19:06:36,-07:00,2025-04-17T19:06:36-07:00,0,18
style.css,15,css,376e31cb,Juntong Ye,2025-04-17,19:06:36,-07:00,2025-04-17T19:06:36-07:00,0,16
style.css,16,css,376e31cb,Juntong Ye,2025-04-17,19:06:36,-07:00,2025-04-17T19:06:36-07:00,0,18
style.css,17,css,376e31cb,Juntong Ye,2025-04-17,19:06:36,-07:00,2025-04-17T19:06:36-07:00,0,22
style.css,18,css,376e31cb,Juntong Ye,2025-04-17,19:06:36,-07:00,2025-04-17T19:06:36-07:00,0,47
style.css,19,css,376e31cb,Juntong Ye,2025-04-17,19:06:36,-07:00,2025-04-17T19:06:36-07:00,0,0
style.css,20,css,376e31cb,Juntong Ye,2025-04-17,19:06:36,-07:00,2025-04-17T19:06:36-07:00,0,0
style.css,21,css,376e31cb,Juntong Ye,2025-04-17,19:06:36,-07:00,2025-04-17T19:06:36-07:00,0,0
style.css,22,css,376e31cb,Juntong Ye,2025-04-17,19:06:36,-07:00,2025-04-17T19:06:36-07:00,0,26
style.css,23,css,376e31cb,Juntong Ye,2025-04-17,19:06:36,-07:00,2025-04-17T19:06:36-07:00,0,19
style.css,24,css,376e31cb,Juntong Ye,2025-04-17,19:06:36,-07:00,2025-04-17T19:06:36-07:00,0,16
style.css,25,css,376e31cb,Juntong Ye,2025-04-17,19:06:36,-07:00,2025-04-17T19:06:36-07:00,0,18
style.css,26,css,376e31cb,Juntong Ye,2025-04-17,19:06:36,-07:00,2025-04-17T19:06:36-07:00,0,22
style.css,27,css,4709e479,Juntong Ye,2025-05-02,23:25:54,-07:00,2025-05-02T23:25:54-07:00,0,40
style.css,28,css,376e31cb,Juntong Ye,2025-04-17,19:06:36,-07:00,2025-04-17T19:06:36-07:00,0,0
style.css,29,css,376e31cb,Juntong Ye,2025-04-17,19:06:36,-07:00,2025-04-17T19:06:36-07:00,0,0
style.css,30,css,376e31cb,Juntong Ye,2025-04-17,19:06:36,-07:00,2025-04-17T19:06:36-07:00,0,0
style.css,31,css,376e31cb,Juntong Ye,2025-04-17,19:06:36,-07:00,2025-04-17T19:06:36-07:00,0,25
style.css,32,css,376e31cb,Juntong Ye,2025-04-17,19:06:36,-07:00,2025-04-17T19:06:36-07:00,0,18
style.css,33,css,376e31cb,Juntong Ye,2025-04-17,19:06:36,-07:00,2025-04-17T19:06:36-07:00,0,16
style.css,34,css,376e31cb,Juntong Ye,2025-04-17,19:06:36,-07:00,2025-04-17T19:06:36-07:00,0,18
style.css,35,css,376e31cb,Juntong Ye,2025-04-17,19:06:36,-07:00,2025-04-17T19:06:36-07:00,0,22
style.css,36,css,376e31cb,Juntong Ye,2025-04-17,19:06:36,-07:00,2025-04-17T19:06:36-07:00,0,47
style.css,37,css,deac9d85,Juntong Ye,2025-04-11,20:44:27,-07:00,2025-04-11T20:44:27-07:00,0,0
style.css,38,css,deac9d85,Juntong Ye,2025-04-11,20:44:27,-07:00,2025-04-11T20:44:27-07:00,0,0
style.css,39,css,376e31cb,Juntong Ye,2025-04-17,19:06:36,-07:00,2025-04-17T19:06:36-07:00,0,26
style.css,40,css,376e31cb,Juntong Ye,2025-04-17,19:06:36,-07:00,2025-04-17T19:06:36-07:00,0,19
style.css,41,css,376e31cb,Juntong Ye,2025-04-17,19:06:36,-07:00,2025-04-17T19:06:36-07:00,0,48
style.css,42,css,376e31cb,Juntong Ye,2025-04-17,19:06:36,-07:00,2025-04-17T19:06:36-07:00,0,45
style.css,43,css,376e31cb,Juntong Ye,2025-04-17,19:06:36,-07:00,2025-04-17T19:06:36-07:00,0,21
style.css,44,css,376e31cb,Juntong Ye,2025-04-17,19:06:36,-07:00,2025-04-17T19:06:36-07:00,0,47
style.css,45,css,376e31cb,Juntong Ye,2025-04-17,19:06:36,-07:00,2025-04-17T19:06:36-07:00,0,0
style.css,46,css,376e31cb,Juntong Ye,2025-04-17,19:06:36,-07:00,2025-04-17T19:06:36-07:00,0,0
style.css,47,css,376e31cb,Juntong Ye,2025-04-17,19:06:36,-07:00,2025-04-17T19:06:36-07:00,0,0
style.css,48,css,376e31cb,Juntong Ye,2025-04-17,19:06:36,-07:00,2025-04-17T19:06:36-07:00,0,24
style.css,49,css,376e31cb,Juntong Ye,2025-04-17,19:06:36,-07:00,2025-04-17T19:06:36-07:00,0,5
style.css,50,css,376e31cb,Juntong Ye,2025-04-17,19:06:36,-07:00,2025-04-17T19:06:36-07:00,0,33
style.css,51,css,376e31cb,Juntong Ye,2025-04-17,19:06:36,-07:00,2025-04-17T19:06:36-07:00,0,24
style.css,52,css,376e31cb,Juntong Ye,2025-04-17,19:06:36,-07:00,2025-04-17T19:06:36-07:00,0,24
style.css,53,css,deac9d85,Juntong Ye,2025-04-11,20:44:27,-07:00,2025-04-11T20:44:27-07:00,0,43
style.css,54,css,deac9d85,Juntong Ye,2025-04-11,20:44:27,-07:00,2025-04-11T20:44:27-07:00,0,0
style.css,55,css,deac9d85,Juntong Ye,2025-04-11,20:44:27,-07:00,2025-04-11T20:44:27-07:00,0,0
style.css,56,css,376e31cb,Juntong Ye,2025-04-17,19:06:36,-07:00,2025-04-17T19:06:36-07:00,0,27
style.css,57,css,376e31cb,Juntong Ye,2025-04-17,19:06:36,-07:00,2025-04-17T19:06:36-07:00,0,14
style.css,58,css,376e31cb,Juntong Ye,2025-04-17,19:06:36,-07:00,2025-04-17T19:06:36-07:00,0,15
style.css,59,css,376e31cb,Juntong Ye,2025-04-17,19:06:36,-07:00,2025-04-17T19:06:36-07:00,0,9
style.css,60,css,376e31cb,Juntong Ye,2025-04-17,19:06:36,-07:00,2025-04-17T19:06:36-07:00,0,13
style.css,61,css,376e31cb,Juntong Ye,2025-04-17,19:06:36,-07:00,2025-04-17T19:06:36-07:00,0,0
style.css,62,css,376e31cb,Juntong Ye,2025-04-17,19:06:36,-07:00,2025-04-17T19:06:36-07:00,0,0
style.css,63,css,376e31cb,Juntong Ye,2025-04-17,19:06:36,-07:00,2025-04-17T19:06:36-07:00,0,13
style.css,64,css,376e31cb,Juntong Ye,2025-04-17,19:06:36,-07:00,2025-04-17T19:06:36-07:00,0,7
style.css,65,css,376e31cb,Juntong Ye,2025-04-17,19:06:36,-07:00,2025-04-17T19:06:36-07:00,0,13
style.css,66,css,376e31cb,Juntong Ye,2025-04-17,19:06:36,-07:00,2025-04-17T19:06:36-07:00,0,16
style.css,67,css,376e31cb,Juntong Ye,2025-04-17,19:06:36,-07:00,2025-04-17T19:06:36-07:00,0,9
style.css,68,css,376e31cb,Juntong Ye,2025-04-17,19:06:36,-07:00,2025-04-17T19:06:36-07:00,0,11
style.css,69,css,376e31cb,Juntong Ye,2025-04-17,19:06:36,-07:00,2025-04-17T19:06:36-07:00,0,0
style.css,70,css,376e31cb,Juntong Ye,2025-04-17,19:06:36,-07:00,2025-04-17T19:06:36-07:00,0,0
style.css,71,css,376e31cb,Juntong Ye,2025-04-17,19:06:36,-07:00,2025-04-17T19:06:36-07:00,0,10
style.css,72,css,376e31cb,Juntong Ye,2025-04-17,19:06:36,-07:00,2025-04-17T19:06:36-07:00,0,7
style.css,73,css,376e31cb,Juntong Ye,2025-04-17,19:06:36,-07:00,2025-04-17T19:06:36-07:00,0,17
style.css,74,css,376e31cb,Juntong Ye,2025-04-17,19:06:36,-07:00,2025-04-17T19:06:36-07:00,0,0
style.css,75,css,376e31cb,Juntong Ye,2025-04-17,19:06:36,-07:00,2025-04-17T19:06:36-07:00,0,0
style.css,76,css,376e31cb,Juntong Ye,2025-04-17,19:06:36,-07:00,2025-04-17T19:06:36-07:00,0,29
style.css,77,css,deac9d85,Juntong Ye,2025-04-11,20:44:27,-07:00,2025-04-11T20:44:27-07:00,0,4
style.css,78,css,deac9d85,Juntong Ye,2025-04-11,20:44:27,-07:00,2025-04-11T20:44:27-07:00,0,13
style.css,79,css,376e31cb,Juntong Ye,2025-04-17,19:06:36,-07:00,2025-04-17T19:06:36-07:00,0,19
style.css,80,css,376e31cb,Juntong Ye,2025-04-17,19:06:36,-07:00,2025-04-17T19:06:36-07:00,0,29
style.css,81,css,376e31cb,Juntong Ye,2025-04-17,19:06:36,-07:00,2025-04-17T19:06:36-07:00,0,11
style.css,82,css,deac9d85,Juntong Ye,2025-04-11,20:44:27,-07:00,2025-04-11T20:44:27-07:00,0,42
style.css,83,css,376e31cb,Juntong Ye,2025-04-17,19:06:36,-07:00,2025-04-17T19:06:36-07:00,0,22
style.css,84,css,deac9d85,Juntong Ye,2025-04-11,20:44:27,-07:00,2025-04-11T20:44:27-07:00,0,0
style.css,85,css,deac9d85,Juntong Ye,2025-04-11,20:44:27,-07:00,2025-04-11T20:44:27-07:00,0,0
style.css,86,css,376e31cb,Juntong Ye,2025-04-17,19:06:36,-07:00,2025-04-17T19:06:36-07:00,0,27
style.css,87,css,deac9d85,Juntong Ye,2025-04-11,20:44:27,-07:00,2025-04-11T20:44:27-07:00,0,6
style.css,88,css,376e31cb,Juntong Ye,2025-04-17,19:06:36,-07:00,2025-04-17T19:06:36-07:00,0,19
style.css,89,css,deac9d85,Juntong Ye,2025-04-11,20:44:27,-07:00,2025-04-11T20:44:27-07:00,0,7
style.css,90,css,deac9d85,Juntong Ye,2025-04-11,20:44:27,-07:00,2025-04-11T20:44:27-07:00,0,21
style.css,91,css,deac9d85,Juntong Ye,2025-04-11,20:44:27,-07:00,2025-04-11T20:44:27-07:00,0,14
style.css,92,css,376e31cb,Juntong Ye,2025-04-17,19:06:36,-07:00,2025-04-17T19:06:36-07:00,0,18
style.css,93,css,deac9d85,Juntong Ye,2025-04-11,20:44:27,-07:00,2025-04-11T20:44:27-07:00,0,14
style.css,94,css,376e31cb,Juntong Ye,2025-04-17,19:06:36,-07:00,2025-04-17T19:06:36-07:00,0,63
style.css,95,css,deac9d85,Juntong Ye,2025-04-11,20:44:27,-07:00,2025-04-11T20:44:27-07:00,0,0
style.css,96,css,deac9d85,Juntong Ye,2025-04-11,20:44:27,-07:00,2025-04-11T20:44:27-07:00,0,0
style.css,97,css,376e31cb,Juntong Ye,2025-04-17,19:06:36,-07:00,2025-04-17T19:06:36-07:00,0,27
style.css,98,css,deac9d85,Juntong Ye,2025-04-11,20:44:27,-07:00,2025-04-11T20:44:27-07:00,0,12
style.css,99,css,376e31cb,Juntong Ye,2025-04-17,19:06:36,-07:00,2025-04-17T19:06:36-07:00,0,45
style.css,100,css,376e31cb,Juntong Ye,2025-04-17,19:06:36,-07:00,2025-04-17T19:06:36-07:00,0,74
style.css,101,css,deac9d85,Juntong Ye,2025-04-11,20:44:27,-07:00,2025-04-11T20:44:27-07:00,0,0
style.css,102,css,deac9d85,Juntong Ye,2025-04-11,20:44:27,-07:00,2025-04-11T20:44:27-07:00,0,0
style.css,103,css,376e31cb,Juntong Ye,2025-04-17,19:06:36,-07:00,2025-04-17T19:06:36-07:00,0,33
style.css,104,css,376e31cb,Juntong Ye,2025-04-17,19:06:36,-07:00,2025-04-17T19:06:36-07:00,0,14
style.css,105,css,376e31cb,Juntong Ye,2025-04-17,19:06:36,-07:00,2025-04-17T19:06:36-07:00,0,46
style.css,106,css,376e31cb,Juntong Ye,2025-04-17,19:06:36,-07:00,2025-04-17T19:06:36-07:00,0,17
style.css,107,css,376e31cb,Juntong Ye,2025-04-17,19:06:36,-07:00,2025-04-17T19:06:36-07:00,0,18
style.css,108,css,deac9d85,Juntong Ye,2025-04-11,20:44:27,-07:00,2025-04-11T20:44:27-07:00,0,0
style.css,109,css,deac9d85,Juntong Ye,2025-04-11,20:44:27,-07:00,2025-04-11T20:44:27-07:00,0,0
style.css,110,css,deac9d85,Juntong Ye,2025-04-11,20:44:27,-07:00,2025-04-11T20:44:27-07:00,0,0
style.css,111,css,376e31cb,Juntong Ye,2025-04-17,19:06:36,-07:00,2025-04-17T19:06:36-07:00,0,15
style.css,112,css,376e31cb,Juntong Ye,2025-04-17,19:06:36,-07:00,2025-04-17T19:06:36-07:00,0,25
style.css,113,css,376e31cb,Juntong Ye,2025-04-17,19:06:36,-07:00,2025-04-17T19:06:36-07:00,0,14
style.css,114,css,deac9d85,Juntong Ye,2025-04-11,20:44:27,-07:00,2025-04-11T20:44:27-07:00,0,13
style.css,115,css,376e31cb,Juntong Ye,2025-04-17,19:06:36,-07:00,2025-04-17T19:06:36-07:00,0,8
style.css,116,css,376e31cb,Juntong Ye,2025-04-17,19:06:36,-07:00,2025-04-17T19:06:36-07:00,0,19
style.css,117,css,376e31cb,Juntong Ye,2025-04-17,19:06:36,-07:00,2025-04-17T19:06:36-07:00,0,14
style.css,118,css,376e31cb,Juntong Ye,2025-04-17,19:06:36,-07:00,2025-04-17T19:06:36-07:00,0,13
style.css,119,css,deac9d85,Juntong Ye,2025-04-11,20:44:27,-07:00,2025-04-11T20:44:27-07:00,0,0
style.css,120,css,376e31cb,Juntong Ye,2025-04-17,19:06:36,-07:00,2025-04-17T19:06:36-07:00,0,22
style.css,121,css,376e31cb,Juntong Ye,2025-04-17,19:06:36,-07:00,2025-04-17T19:06:36-07:00,0,20
style.css,122,css,376e31cb,Juntong Ye,2025-04-17,19:06:36,-07:00,2025-04-17T19:06:36-07:00,0,17
style.css,123,css,376e31cb,Juntong Ye,2025-04-17,19:06:36,-07:00,2025-04-17T19:06:36-07:00,0,14
style.css,124,css,376e31cb,Juntong Ye,2025-04-17,19:06:36,-07:00,2025-04-17T19:06:36-07:00,0,20
style.css,125,css,376e31cb,Juntong Ye,2025-04-17,19:06:36,-07:00,2025-04-17T19:06:36-07:00,0,0
style.css,126,css,376e31cb,Juntong Ye,2025-04-17,19:06:36,-07:00,2025-04-17T19:06:36-07:00,0,36
style.css,127,css,376e31cb,Juntong Ye,2025-04-17,19:06:36,-07:00,2025-04-17T19:06:36-07:00,0,19
style.css,128,css,376e31cb,Juntong Ye,2025-04-17,19:06:36,-07:00,2025-04-17T19:06:36-07:00,0,23
style.css,129,css,376e31cb,Juntong Ye,2025-04-17,19:06:36,-07:00,2025-04-17T19:06:36-07:00,0,14
style.css,130,css,deac9d85,Juntong Ye,2025-04-11,20:44:27,-07:00,2025-04-11T20:44:27-07:00,0,13
style.css,131,css,deac9d85,Juntong Ye,2025-04-11,20:44:27,-07:00,2025-04-11T20:44:27-07:00,0,14
style.css,132,css,376e31cb,Juntong Ye,2025-04-17,19:06:36,-07:00,2025-04-17T19:06:36-07:00,0,22
style.css,133,css,376e31cb,Juntong Ye,2025-04-17,19:06:36,-07:00,2025-04-17T19:06:36-07:00,0,11
style.css,134,css,376e31cb,Juntong Ye,2025-04-17,19:06:36,-07:00,2025-04-17T19:06:36-07:00,0,19
style.css,135,css,376e31cb,Juntong Ye,2025-04-17,19:06:36,-07:00,2025-04-17T19:06:36-07:00,0,28
style.css,136,css,376e31cb,Juntong Ye,2025-04-17,19:06:36,-07:00,2025-04-17T19:06:36-07:00,0,20
style.css,137,css,deac9d85,Juntong Ye,2025-04-11,20:44:27,-07:00,2025-04-11T20:44:27-07:00,0,0
style.css,138,css,deac9d85,Juntong Ye,2025-04-11,20:44:27,-07:00,2025-04-11T20:44:27-07:00,0,0
style.css,139,css,376e31cb,Juntong Ye,2025-04-17,19:06:36,-07:00,2025-04-17T19:06:36-07:00,0,28
style.css,140,css,376e31cb,Juntong Ye,2025-04-17,19:06:36,-07:00,2025-04-17T19:06:36-07:00,0,21
style.css,141,css,deac9d85,Juntong Ye,2025-04-11,20:44:27,-07:00,2025-04-11T20:44:27-07:00,0,13
style.css,142,css,376e31cb,Juntong Ye,2025-04-17,19:06:36,-07:00,2025-04-17T19:06:36-07:00,0,36
style.css,143,css,deac9d85,Juntong Ye,2025-04-11,20:44:27,-07:00,2025-04-11T20:44:27-07:00,0,12
style.css,144,css,deac9d85,Juntong Ye,2025-04-11,20:44:27,-07:00,2025-04-11T20:44:27-07:00,0,12
style.css,145,css,deac9d85,Juntong Ye,2025-04-11,20:44:27,-07:00,2025-04-11T20:44:27-07:00,0,15
style.css,146,css,376e31cb,Juntong Ye,2025-04-17,19:06:36,-07:00,2025-04-17T19:06:36-07:00,0,21
style.css,147,css,376e31cb,Juntong Ye,2025-04-17,19:06:36,-07:00,2025-04-17T19:06:36-07:00,0,18
style.css,148,css,376e31cb,Juntong Ye,2025-04-17,19:06:36,-07:00,2025-04-17T19:06:36-07:00,0,38
style.css,149,css,376e31cb,Juntong Ye,2025-04-17,19:06:36,-07:00,2025-04-17T19:06:36-07:00,0,19
style.css,150,css,deac9d85,Juntong Ye,2025-04-11,20:44:27,-07:00,2025-04-11T20:44:27-07:00,0,0
style.css,151,css,deac9d85,Juntong Ye,2025-04-11,20:44:27,-07:00,2025-04-11T20:44:27-07:00,0,0
style.css,152,css,376e31cb,Juntong Ye,2025-04-17,19:06:36,-07:00,2025-04-17T19:06:36-07:00,0,27
style.css,153,css,376e31cb,Juntong Ye,2025-04-17,19:06:36,-07:00,2025-04-17T19:06:36-07:00,0,52
style.css,154,css,deac9d85,Juntong Ye,2025-04-11,20:44:27,-07:00,2025-04-11T20:44:27-07:00,0,0
style.css,155,css,deac9d85,Juntong Ye,2025-04-11,20:44:27,-07:00,2025-04-11T20:44:27-07:00,0,0
style.css,156,css,376e31cb,Juntong Ye,2025-04-17,19:06:36,-07:00,2025-04-17T19:06:36-07:00,0,27
style.css,157,css,376e31cb,Juntong Ye,2025-04-17,19:06:36,-07:00,2025-04-17T19:06:36-07:00,0,23
style.css,158,css,376e31cb,Juntong Ye,2025-04-17,19:06:36,-07:00,2025-04-17T19:06:36-07:00,0,16
style.css,159,css,376e31cb,Juntong Ye,2025-04-17,19:06:36,-07:00,2025-04-17T19:06:36-07:00,0,17
style.css,160,css,376e31cb,Juntong Ye,2025-04-17,19:06:36,-07:00,2025-04-17T19:06:36-07:00,0,0
style.css,161,css,deac9d85,Juntong Ye,2025-04-11,20:44:27,-07:00,2025-04-11T20:44:27-07:00,0,0
style.css,162,css,376e31cb,Juntong Ye,2025-04-17,19:06:36,-07:00,2025-04-17T19:06:36-07:00,0,16
style.css,163,css,376e31cb,Juntong Ye,2025-04-17,19:06:36,-07:00,2025-04-17T19:06:36-07:00,0,28
style.css,164,css,deac9d85,Juntong Ye,2025-04-11,20:44:27,-07:00,2025-04-11T20:44:27-07:00,0,10
style.css,165,css,deac9d85,Juntong Ye,2025-04-11,20:44:27,-07:00,2025-04-11T20:44:27-07:00,0,13
style.css,166,css,376e31cb,Juntong Ye,2025-04-17,19:06:36,-07:00,2025-04-17T19:06:36-07:00,0,59
style.css,167,css,deac9d85,Juntong Ye,2025-04-11,20:44:27,-07:00,2025-04-11T20:44:27-07:00,0,8
style.css,168,css,376e31cb,Juntong Ye,2025-04-17,19:06:36,-07:00,2025-04-17T19:06:36-07:00,0,12
style.css,169,css,376e31cb,Juntong Ye,2025-04-17,19:06:36,-07:00,2025-04-17T19:06:36-07:00,0,23
style.css,170,css,deac9d85,Juntong Ye,2025-04-11,20:44:27,-07:00,2025-04-11T20:44:27-07:00,0,0
style.css,171,css,376e31cb,Juntong Ye,2025-04-17,19:06:36,-07:00,2025-04-17T19:06:36-07:00,0,21
style.css,172,css,deac9d85,Juntong Ye,2025-04-11,20:44:27,-07:00,2025-04-11T20:44:27-07:00,0,18
style.css,173,css,deac9d85,Juntong Ye,2025-04-11,20:44:27,-07:00,2025-04-11T20:44:27-07:00,0,13
style.css,174,css,deac9d85,Juntong Ye,2025-04-11,20:44:27,-07:00,2025-04-11T20:44:27-07:00,0,27
style.css,175,css,deac9d85,Juntong Ye,2025-04-11,20:44:27,-07:00,2025-04-11T20:44:27-07:00,0,16
style.css,176,css,376e31cb,Juntong Ye,2025-04-17,19:06:36,-07:00,2025-04-17T19:06:36-07:00,0,10
style.css,177,css,376e31cb,Juntong Ye,2025-04-17,19:06:36,-07:00,2025-04-17T19:06:36-07:00,0,22
style.css,178,css,deac9d85,Juntong Ye,2025-04-11,20:44:27,-07:00,2025-04-11T20:44:27-07:00,0,20
style.css,179,css,376e31cb,Juntong Ye,2025-04-17,19:06:36,-07:00,2025-04-17T19:06:36-07:00,0,12
style.css,180,css,deac9d85,Juntong Ye,2025-04-11,20:44:27,-07:00,2025-04-11T20:44:27-07:00,0,0
style.css,181,css,deac9d85,Juntong Ye,2025-04-11,20:44:27,-07:00,2025-04-11T20:44:27-07:00,0,0
style.css,182,css,376e31cb,Juntong Ye,2025-04-17,19:06:36,-07:00,2025-04-17T19:06:36-07:00,0,37
style.css,183,css,376e31cb,Juntong Ye,2025-04-17,19:06:36,-07:00,2025-04-17T19:06:36-07:00,0,21
style.css,184,css,deac9d85,Juntong Ye,2025-04-11,20:44:27,-07:00,2025-04-11T20:44:27-07:00,0,9
style.css,185,css,376e31cb,Juntong Ye,2025-04-17,19:06:36,-07:00,2025-04-17T19:06:36-07:00,0,16
style.css,186,css,deac9d85,Juntong Ye,2025-04-11,20:44:27,-07:00,2025-04-11T20:44:27-07:00,0,0
style.css,187,css,deac9d85,Juntong Ye,2025-04-11,20:44:27,-07:00,2025-04-11T20:44:27-07:00,0,0
style.css,188,css,376e31cb,Juntong Ye,2025-04-17,19:06:36,-07:00,2025-04-17T19:06:36-07:00,0,22
style.css,189,css,376e31cb,Juntong Ye,2025-04-17,19:06:36,-07:00,2025-04-17T19:06:36-07:00,0,11
style.css,190,css,376e31cb,Juntong Ye,2025-04-17,19:06:36,-07:00,2025-04-17T19:06:36-07:00,0,12
style.css,191,css,deac9d85,Juntong Ye,2025-04-11,20:44:27,-07:00,2025-04-11T20:44:27-07:00,0,0
style.css,192,css,deac9d85,Juntong Ye,2025-04-11,20:44:27,-07:00,2025-04-11T20:44:27-07:00,0,0
style.css,193,css,376e31cb,Juntong Ye,2025-04-17,19:06:36,-07:00,2025-04-17T19:06:36-07:00,0,20
style.css,194,css,376e31cb,Juntong Ye,2025-04-17,19:06:36,-07:00,2025-04-17T19:06:36-07:00,0,15
style.css,195,css,376e31cb,Juntong Ye,2025-04-17,19:06:36,-07:00,2025-04-17T19:06:36-07:00,0,0
style.css,196,css,376e31cb,Juntong Ye,2025-04-17,19:06:36,-07:00,2025-04-17T19:06:36-07:00,0,0
style.css,197,css,376e31cb,Juntong Ye,2025-04-17,19:06:36,-07:00,2025-04-17T19:06:36-07:00,0,0
style.css,198,css,376e31cb,Juntong Ye,2025-04-17,19:06:36,-07:00,2025-04-17T19:06:36-07:00,0,26
style.css,199,css,deac9d85,Juntong Ye,2025-04-11,20:44:27,-07:00,2025-04-11T20:44:27-07:00,0,23
style.css,200,css,deac9d85,Juntong Ye,2025-04-11,20:44:27,-07:00,2025-04-11T20:44:27-07:00,0,16
style.css,201,css,deac9d85,Juntong Ye,2025-04-11,20:44:27,-07:00,2025-04-11T20:44:27-07:00,0,18
style.css,202,css,deac9d85,Juntong Ye,2025-04-11,20:44:27,-07:00,2025-04-11T20:44:27-07:00,0,0
style.css,203,css,376e31cb,Juntong Ye,2025-04-17,19:06:36,-07:00,2025-04-17T19:06:36-07:00,0,0
style.css,204,css,376e31cb,Juntong Ye,2025-04-17,19:06:36,-07:00,2025-04-17T19:06:36-07:00,0,32
style.css,205,css,376e31cb,Juntong Ye,2025-04-17,19:06:36,-07:00,2025-04-17T19:06:36-07:00,0,3
style.css,206,css,376e31cb,Juntong Ye,2025-04-17,19:06:36,-07:00,2025-04-17T19:06:36-07:00,0,15
style.css,207,css,376e31cb,Juntong Ye,2025-04-17,19:06:36,-07:00,2025-04-17T19:06:36-07:00,0,0
style.css,208,css,376e31cb,Juntong Ye,2025-04-17,19:06:36,-07:00,2025-04-17T19:06:36-07:00,0,0
style.css,209,css,376e31cb,Juntong Ye,2025-04-17,19:06:36,-07:00,2025-04-17T19:06:36-07:00,0,32
style.css,210,css,376e31cb,Juntong Ye,2025-04-17,19:06:36,-07:00,2025-04-17T19:06:36-07:00,0,3
style.css,211,css,376e31cb,Juntong Ye,2025-04-17,19:06:36,-07:00,2025-04-17T19:06:36-07:00,0,16
style.css,212,css,376e31cb,Juntong Ye,2025-04-17,19:06:36,-07:00,2025-04-17T19:06:36-07:00,0,17
style.css,213,css,376e31cb,Juntong Ye,2025-04-17,19:06:36,-07:00,2025-04-17T19:06:36-07:00,0,0
style.css,214,css,376e31cb,Juntong Ye,2025-04-17,19:06:36,-07:00,2025-04-17T19:06:36-07:00,0,0
style.css,215,css,deac9d85,Juntong Ye,2025-04-11,20:44:27,-07:00,2025-04-11T20:44:27-07:00,0,12
style.css,216,css,deac9d85,Juntong Ye,2025-04-11,20:44:27,-07:00,2025-04-11T20:44:27-07:00,0,20
style.css,217,css,deac9d85,Juntong Ye,2025-04-11,20:44:27,-07:00,2025-04-11T20:44:27-07:00,0,57
style.css,218,css,deac9d85,Juntong Ye,2025-04-11,20:44:27,-07:00,2025-04-11T20:44:27-07:00,0,53
style.css,219,css,deac9d85,Juntong Ye,2025-04-11,20:44:27,-07:00,2025-04-11T20:44:27-07:00,0,50
style.css,220,css,deac9d85,Juntong Ye,2025-04-11,20:44:27,-07:00,2025-04-11T20:44:27-07:00,0,57
style.css,221,css,deac9d85,Juntong Ye,2025-04-11,20:44:27,-07:00,2025-04-11T20:44:27-07:00,0,42
style.css,222,css,deac9d85,Juntong Ye,2025-04-11,20:44:27,-07:00,2025-04-11T20:44:27-07:00,0,0
style.css,223,css,deac9d85,Juntong Ye,2025-04-11,20:44:27,-07:00,2025-04-11T20:44:27-07:00,0,0
style.css,224,css,deac9d85,Juntong Ye,2025-04-11,20:44:27,-07:00,2025-04-11T20:44:27-07:00,0,19
style.css,225,css,deac9d85,Juntong Ye,2025-04-11,20:44:27,-07:00,2025-04-11T20:44:27-07:00,0,72
style.css,226,css,deac9d85,Juntong Ye,2025-04-11,20:44:27,-07:00,2025-04-11T20:44:27-07:00,0,25
style.css,227,css,deac9d85,Juntong Ye,2025-04-11,20:44:27,-07:00,2025-04-11T20:44:27-07:00,0,29
style.css,228,css,deac9d85,Juntong Ye,2025-04-11,20:44:27,-07:00,2025-04-11T20:44:27-07:00,0,21
style.css,229,css,deac9d85,Juntong Ye,2025-04-11,20:44:27,-07:00,2025-04-11T20:44:27-07:00,0,18
style.css,230,css,deac9d85,Juntong Ye,2025-04-11,20:44:27,-07:00,2025-04-11T20:44:27-07:00,0,0
style.css,231,css,deac9d85,Juntong Ye,2025-04-11,20:44:27,-07:00,2025-04-11T20:44:27-07:00,0,0
style.css,232,css,deac9d85,Juntong Ye,2025-04-11,20:44:27,-07:00,2025-04-11T20:44:27-07:00,0,27
style.css,233,css,deac9d85,Juntong Ye,2025-04-11,20:44:27,-07:00,2025-04-11T20:44:27-07:00,0,92
style.css,234,css,deac9d85,Juntong Ye,2025-04-11,20:44:27,-07:00,2025-04-11T20:44:27-07:00,0,22
style.css,235,css,deac9d85,Juntong Ye,2025-04-11,20:44:27,-07:00,2025-04-11T20:44:27-07:00,0,0
style.css,236,css,deac9d85,Juntong Ye,2025-04-11,20:44:27,-07:00,2025-04-11T20:44:27-07:00,0,92
style.css,237,css,deac9d85,Juntong Ye,2025-04-11,20:44:27,-07:00,2025-04-11T20:44:27-07:00,0,16
style.css,238,css,deac9d85,Juntong Ye,2025-04-11,20:44:27,-07:00,2025-04-11T20:44:27-07:00,0,20
style.css,239,css,deac9d85,Juntong Ye,2025-04-11,20:44:27,-07:00,2025-04-11T20:44:27-07:00,0,0
style.css,240,css,deac9d85,Juntong Ye,2025-04-11,20:44:27,-07:00,2025-04-11T20:44:27-07:00,0,0
style.css,241,css,deac9d85,Juntong Ye,2025-04-11,20:44:27,-07:00,2025-04-11T20:44:27-07:00,0,26
style.css,242,css,deac9d85,Juntong Ye,2025-04-11,20:44:27,-07:00,2025-04-11T20:44:27-07:00,0,60
style.css,243,css,deac9d85,Juntong Ye,2025-04-11,20:44:27,-07:00,2025-04-11T20:44:27-07:00,0,16
style.css,244,css,deac9d85,Juntong Ye,2025-04-11,20:44:27,-07:00,2025-04-11T20:44:27-07:00,0,18
style.css,245,css,deac9d85,Juntong Ye,2025-04-11,20:44:27,-07:00,2025-04-11T20:44:27-07:00,0,0
style.css,246,css,deac9d85,Juntong Ye,2025-04-11,20:44:27,-07:00,2025-04-11T20:44:27-07:00,0,72
style.css,247,css,deac9d85,Juntong Ye,2025-04-11,20:44:27,-07:00,2025-04-11T20:44:27-07:00,0,18
style.css,248,css,deac9d85,Juntong Ye,2025-04-11,20:44:27,-07:00,2025-04-11T20:44:27-07:00,0,20
style.css,249,css,deac9d85,Juntong Ye,2025-04-11,20:44:27,-07:00,2025-04-11T20:44:27-07:00,0,16
style.css,250,css,deac9d85,Juntong Ye,2025-04-11,20:44:27,-07:00,2025-04-11T20:44:27-07:00,0,0
style.css,251,css,deac9d85,Juntong Ye,2025-04-11,20:44:27,-07:00,2025-04-11T20:44:27-07:00,0,0
style.css,252,css,deac9d85,Juntong Ye,2025-04-11,20:44:27,-07:00,2025-04-11T20:44:27-07:00,0,19
style.css,253,css,deac9d85,Juntong Ye,2025-04-11,20:44:27,-07:00,2025-04-11T20:44:27-07:00,0,78
style.css,254,css,deac9d85,Juntong Ye,2025-04-11,20:44:27,-07:00,2025-04-11T20:44:27-07:00,0,12
style.css,255,css,deac9d85,Juntong Ye,2025-04-11,20:44:27,-07:00,2025-04-11T20:44:27-07:00,0,18
style.css,256,css,deac9d85,Juntong Ye,2025-04-11,20:44:27,-07:00,2025-04-11T20:44:27-07:00,0,10
style.css,257,css,deac9d85,Juntong Ye,2025-04-11,20:44:27,-07:00,2025-04-11T20:44:27-07:00,0,25
style.css,258,css,deac9d85,Juntong Ye,2025-04-11,20:44:27,-07:00,2025-04-11T20:44:27-07:00,0,17
style.css,259,css,deac9d85,Juntong Ye,2025-04-11,20:44:27,-07:00,2025-04-11T20:44:27-07:00,0,0
style.css,260,css,deac9d85,Juntong Ye,2025-04-11,20:44:27,-07:00,2025-04-11T20:44:27-07:00,0,0
style.css,261,css,deac9d85,Juntong Ye,2025-04-11,20:44:27,-07:00,2025-04-11T20:44:27-07:00,0,25
style.css,262,css,deac9d85,Juntong Ye,2025-04-11,20:44:27,-07:00,2025-04-11T20:44:27-07:00,0,7
style.css,263,css,deac9d85,Juntong Ye,2025-04-11,20:44:27,-07:00,2025-04-11T20:44:27-07:00,0,18
style.css,264,css,deac9d85,Juntong Ye,2025-04-11,20:44:27,-07:00,2025-04-11T20:44:27-07:00,0,18
style.css,265,css,deac9d85,Juntong Ye,2025-04-11,20:44:27,-07:00,2025-04-11T20:44:27-07:00,0,0
style.css,266,css,deac9d85,Juntong Ye,2025-04-11,20:44:27,-07:00,2025-04-11T20:44:27-07:00,0,0
style.css,267,css,deac9d85,Juntong Ye,2025-04-11,20:44:27,-07:00,2025-04-11T20:44:27-07:00,0,10
style.css,268,css,deac9d85,Juntong Ye,2025-04-11,20:44:27,-07:00,2025-04-11T20:44:27-07:00,0,42
style.css,269,css,deac9d85,Juntong Ye,2025-04-11,20:44:27,-07:00,2025-04-11T20:44:27-07:00,0,0
style.css,270,css,deac9d85,Juntong Ye,2025-04-11,20:44:27,-07:00,2025-04-11T20:44:27-07:00,0,0
style.css,271,css,deac9d85,Juntong Ye,2025-04-11,20:44:27,-07:00,2025-04-11T20:44:27-07:00,0,9
style.css,272,css,deac9d85,Juntong Ye,2025-04-11,20:44:27,-07:00,2025-04-11T20:44:27-07:00,0,16
style.css,273,css,deac9d85,Juntong Ye,2025-04-11,20:44:27,-07:00,2025-04-11T20:44:27-07:00,0,0
style.css,274,css,deac9d85,Juntong Ye,2025-04-11,20:44:27,-07:00,2025-04-11T20:44:27-07:00,0,0
style.css,275,css,deac9d85,Juntong Ye,2025-04-11,20:44:27,-07:00,2025-04-11T20:44:27-07:00,0,9
style.css,276,css,deac9d85,Juntong Ye,2025-04-11,20:44:27,-07:00,2025-04-11T20:44:27-07:00,0,42
style.css,277,css,deac9d85,Juntong Ye,2025-04-11,20:44:27,-07:00,2025-04-11T20:44:27-07:00,0,21
style.css,278,css,deac9d85,Juntong Ye,2025-04-11,20:44:27,-07:00,2025-04-11T20:44:27-07:00,0,0
style.css,279,css,deac9d85,Juntong Ye,2025-04-11,20:44:27,-07:00,2025-04-11T20:44:27-07:00,0,0
style.css,280,css,deac9d85,Juntong Ye,2025-04-11,20:44:27,-07:00,2025-04-11T20:44:27-07:00,0,15
style.css,281,css,deac9d85,Juntong Ye,2025-04-11,20:44:27,-07:00,2025-04-11T20:44:27-07:00,0,26
style.css,282,css,deac9d85,Juntong Ye,2025-04-11,20:44:27,-07:00,2025-04-11T20:44:27-07:00,0,0
style.css,283,css,deac9d85,Juntong Ye,2025-04-11,20:44:27,-07:00,2025-04-11T20:44:27-07:00,0,0
style.css,284,css,376e31cb,Juntong Ye,2025-04-17,19:06:36,-07:00,2025-04-17T19:06:36-07:00,0,0
style.css,285,css,f3062fb6,Juntong Ye,2025-04-26,11:32:23,-07:00,2025-04-26T11:32:23-07:00,0,13
style.css,286,css,f3062fb6,Juntong Ye,2025-04-26,11:32:23,-07:00,2025-04-26T11:32:23-07:00,0,13
style.css,287,css,f3062fb6,Juntong Ye,2025-04-26,11:32:23,-07:00,2025-04-26T11:32:23-07:00,0,19
style.css,288,css,f3062fb6,Juntong Ye,2025-04-26,11:32:23,-07:00,2025-04-26T11:32:23-07:00,0,9
style.css,289,css,f3062fb6,Juntong Ye,2025-04-26,11:32:23,-07:00,2025-04-26T11:32:23-07:00,0,16
style.css,290,css,f3062fb6,Juntong Ye,2025-04-26,11:32:23,-07:00,2025-04-26T11:32:23-07:00,0,0
style.css,291,css,f3062fb6,Juntong Ye,2025-04-26,11:32:23,-07:00,2025-04-26T11:32:23-07:00,0,0
style.css,292,css,f3062fb6,Juntong Ye,2025-04-26,11:32:23,-07:00,2025-04-26T11:32:23-07:00,0,15
style.css,293,css,f3062fb6,Juntong Ye,2025-04-26,11:32:23,-07:00,2025-04-26T11:32:23-07:00,0,12
style.css,294,css,f3062fb6,Juntong Ye,2025-04-26,11:32:23,-07:00,2025-04-26T11:32:23-07:00,0,13
style.css,295,css,f3062fb6,Juntong Ye,2025-04-26,11:32:23,-07:00,2025-04-26T11:32:23-07:00,0,18
style.css,296,css,f3062fb6,Juntong Ye,2025-04-26,11:32:23,-07:00,2025-04-26T11:32:23-07:00,0,17
style.css,297,css,f3062fb6,Juntong Ye,2025-04-26,11:32:23,-07:00,2025-04-26T11:32:23-07:00,0,40
style.css,298,css,f3062fb6,Juntong Ye,2025-04-26,11:32:23,-07:00,2025-04-26T11:32:23-07:00,0,0
style.css,299,css,f3062fb6,Juntong Ye,2025-04-26,11:32:23,-07:00,2025-04-26T11:32:23-07:00,0,0
style.css,300,css,f3062fb6,Juntong Ye,2025-04-26,11:32:23,-07:00,2025-04-26T11:32:23-07:00,0,13
style.css,301,css,f3062fb6,Juntong Ye,2025-04-26,11:32:23,-07:00,2025-04-26T11:32:23-07:00,0,7
style.css,302,css,f3062fb6,Juntong Ye,2025-04-26,11:32:23,-07:00,2025-04-26T11:32:23-07:00,0,0
style.css,303,css,f3062fb6,Juntong Ye,2025-04-26,11:32:23,-07:00,2025-04-26T11:32:23-07:00,0,0
style.css,304,css,f3062fb6,Juntong Ye,2025-04-26,11:32:23,-07:00,2025-04-26T11:32:23-07:00,0,14
style.css,305,css,f3062fb6,Juntong Ye,2025-04-26,11:32:23,-07:00,2025-04-26T11:32:23-07:00,0,13
style.css,306,css,f3062fb6,Juntong Ye,2025-04-26,11:32:23,-07:00,2025-04-26T11:32:23-07:00,0,37
style.css,307,css,f3062fb6,Juntong Ye,2025-04-26,11:32:23,-07:00,2025-04-26T11:32:23-07:00,0,9
style.css,308,css,f3062fb6,Juntong Ye,2025-04-26,11:32:23,-07:00,2025-04-26T11:32:23-07:00,0,18
style.css,309,css,f3062fb6,Juntong Ye,2025-04-26,11:32:23,-07:00,2025-04-26T11:32:23-07:00,0,16
style.css,310,css,f3062fb6,Juntong Ye,2025-04-26,11:32:23,-07:00,2025-04-26T11:32:23-07:00,0,0
style.css,311,css,f3062fb6,Juntong Ye,2025-04-26,11:32:23,-07:00,2025-04-26T11:32:23-07:00,0,0
style.css,312,css,f3062fb6,Juntong Ye,2025-04-26,11:32:23,-07:00,2025-04-26T11:32:23-07:00,0,17
style.css,313,css,f3062fb6,Juntong Ye,2025-04-26,11:32:23,-07:00,2025-04-26T11:32:23-07:00,0,18
style.css,314,css,f3062fb6,Juntong Ye,2025-04-26,11:32:23,-07:00,2025-04-26T11:32:23-07:00,0,17
style.css,315,css,f3062fb6,Juntong Ye,2025-04-26,11:32:23,-07:00,2025-04-26T11:32:23-07:00,0,14
style.css,316,css,f3062fb6,Juntong Ye,2025-04-26,11:32:23,-07:00,2025-04-26T11:32:23-07:00,0,25
style.css,317,css,f3062fb6,Juntong Ye,2025-04-26,11:32:23,-07:00,2025-04-26T11:32:23-07:00,0,11
style.css,318,css,f3062fb6,Juntong Ye,2025-04-26,11:32:23,-07:00,2025-04-26T11:32:23-07:00,0,0
style.css,319,css,f3062fb6,Juntong Ye,2025-04-26,11:32:23,-07:00,2025-04-26T11:32:23-07:00,0,0
style.css,320,css,f3062fb6,Juntong Ye,2025-04-26,11:32:23,-07:00,2025-04-26T11:32:23-07:00,0,17
style.css,321,css,f3062fb6,Juntong Ye,2025-04-26,11:32:23,-07:00,2025-04-26T11:32:23-07:00,0,17
style.css,322,css,f3062fb6,Juntong Ye,2025-04-26,11:32:23,-07:00,2025-04-26T11:32:23-07:00,0,9
style.css,323,css,f3062fb6,Juntong Ye,2025-04-26,11:32:23,-07:00,2025-04-26T11:32:23-07:00,0,11
style.css,324,css,f3062fb6,Juntong Ye,2025-04-26,11:32:23,-07:00,2025-04-26T11:32:23-07:00,0,17
style.css,325,css,f3062fb6,Juntong Ye,2025-04-26,11:32:23,-07:00,2025-04-26T11:32:23-07:00,0,31
style.css,326,css,f3062fb6,Juntong Ye,2025-04-26,11:32:23,-07:00,2025-04-26T11:32:23-07:00,0,0
style.css,327,css,f3062fb6,Juntong Ye,2025-04-26,11:32:23,-07:00,2025-04-26T11:32:23-07:00,0,0
style.css,328,css,f3062fb6,Juntong Ye,2025-04-26,11:32:23,-07:00,2025-04-26T11:32:23-07:00,0,23
style.css,329,css,f3062fb6,Juntong Ye,2025-04-26,11:32:23,-07:00,2025-04-26T11:32:23-07:00,0,21
style.css,330,css,f3062fb6,Juntong Ye,2025-04-26,11:32:23,-07:00,2025-04-26T11:32:23-07:00,0,0
style.css,331,css,4709e479,Juntong Ye,2025-05-02,23:25:54,-07:00,2025-05-02T23:25:54-07:00,0,0
style.css,332,css,4709e479,Juntong Ye,2025-05-02,23:25:54,-07:00,2025-05-02T23:25:54-07:00,0,0
style.css,333,css,4709e479,Juntong Ye,2025-05-02,23:25:54,-07:00,2025-05-02T23:25:54-07:00,0,8
style.css,334,css,4709e479,Juntong Ye,2025-05-02,23:25:54,-07:00,2025-05-02T23:25:54-07:00,0,13
style.css,335,css,4709e479,Juntong Ye,2025-05-02,23:25:54,-07:00,2025-05-02T23:25:54-07:00,0,19
style.css,336,css,4709e479,Juntong Ye,2025-05-02,23:25:54,-07:00,2025-05-02T23:25:54-07:00,0,16
style.css,337,css,4709e479,Juntong Ye,2025-05-02,23:25:54,-07:00,2025-05-02T23:25:54-07:00,0,13
style.css,338,css,4709e479,Juntong Ye,2025-05-02,23:25:54,-07:00,2025-05-02T23:25:54-07:00,0,22
style.css,339,css,4709e479,Juntong Ye,2025-05-02,23:25:54,-07:00,2025-05-02T23:25:54-07:00,0,19
style.css,340,css,4709e479,Juntong Ye,2025-05-02,23:25:54,-07:00,2025-05-02T23:25:54-07:00,0,41
style.css,341,css,4709e479,Juntong Ye,2025-05-02,23:25:54,-07:00,2025-05-02T23:25:54-07:00,0,15
style.css,342,css,4709e479,Juntong Ye,2025-05-02,23:25:54,-07:00,2025-05-02T23:25:54-07:00,0,0
style.css,343,css,4709e479,Juntong Ye,2025-05-02,23:25:54,-07:00,2025-05-02T23:25:54-07:00,0,0
style.css,344,css,4709e479,Juntong Ye,2025-05-02,23:25:54,-07:00,2025-05-02T23:25:54-07:00,0,11
style.css,345,css,4709e479,Juntong Ye,2025-05-02,23:25:54,-07:00,2025-05-02T23:25:54-07:00,0,13
style.css,346,css,4709e479,Juntong Ye,2025-05-02,23:25:54,-07:00,2025-05-02T23:25:54-07:00,0,19
style.css,347,css,4709e479,Juntong Ye,2025-05-02,23:25:54,-07:00,2025-05-02T23:25:54-07:00,0,9
style.css,348,css,4709e479,Juntong Ye,2025-05-02,23:25:54,-07:00,2025-05-02T23:25:54-07:00,0,23
style.css,349,css,4709e479,Juntong Ye,2025-05-02,23:25:54,-07:00,2025-05-02T23:25:54-07:00,0,37
style.css,350,css,4709e479,Juntong Ye,2025-05-02,23:25:54,-07:00,2025-05-02T23:25:54-07:00,0,46
style.css,351,css,4709e479,Juntong Ye,2025-05-02,23:25:54,-07:00,2025-05-02T23:25:54-07:00,0,14
style.css,352,css,4709e479,Juntong Ye,2025-05-02,23:25:54,-07:00,2025-05-02T23:25:54-07:00,0,0
style.css,353,css,4709e479,Juntong Ye,2025-05-02,23:25:54,-07:00,2025-05-02T23:25:54-07:00,0,0
style.css,354,css,4709e479,Juntong Ye,2025-05-02,23:25:54,-07:00,2025-05-02T23:25:54-07:00,0,0
style.css,355,css,4709e479,Juntong Ye,2025-05-02,23:25:54,-07:00,2025-05-02T23:25:54-07:00,0,17
style.css,356,css,4709e479,Juntong Ye,2025-05-02,23:25:54,-07:00,2025-05-02T23:25:54-07:00,0,19
style.css,357,css,4709e479,Juntong Ye,2025-05-02,23:25:54,-07:00,2025-05-02T23:25:54-07:00,0,12
style.css,358,css,4709e479,Juntong Ye,2025-05-02,23:25:54,-07:00,2025-05-02T23:25:54-07:00,0,13
style.css,359,css,4709e479,Juntong Ye,2025-05-02,23:25:54,-07:00,2025-05-02T23:25:54-07:00,0,0
style.css,360,css,4709e479,Juntong Ye,2025-05-02,23:25:54,-07:00,2025-05-02T23:25:54-07:00,0,0
style.css,361,css,4709e479,Juntong Ye,2025-05-02,23:25:54,-07:00,2025-05-02T23:25:54-07:00,0,9
style.css,362,css,4709e479,Juntong Ye,2025-05-02,23:25:54,-07:00,2025-05-02T23:25:54-07:00,0,8
style.css,363,css,4709e479,Juntong Ye,2025-05-02,23:25:54,-07:00,2025-05-02T23:25:54-07:00,0,11
style.css,364,css,4709e479,Juntong Ye,2025-05-02,23:25:54,-07:00,2025-05-02T23:25:54-07:00,0,16
style.css,365,css,4709e479,Juntong Ye,2025-05-02,23:25:54,-07:00,2025-05-02T23:25:54-07:00,0,13
style.css,366,css,4709e479,Juntong Ye,2025-05-02,23:25:54,-07:00,2025-05-02T23:25:54-07:00,0,37
style.css,367,css,4709e479,Juntong Ye,2025-05-02,23:25:54,-07:00,2025-05-02T23:25:54-07:00,0,38
style.css,368,css,4709e479,Juntong Ye,2025-05-02,23:25:54,-07:00,2025-05-02T23:25:54-07:00,0,38
style.css,369,css,4709e479,Juntong Ye,2025-05-02,23:25:54,-07:00,2025-05-02T23:25:54-07:00,0,18
style.css,370,css,4709e479,Juntong Ye,2025-05-02,23:25:54,-07:00,2025-05-02T23:25:54-07:00,0,22
style.css,371,css,4709e479,Juntong Ye,2025-05-02,23:25:54,-07:00,2025-05-02T23:25:54-07:00,0,19
style.css,372,css,4709e479,Juntong Ye,2025-05-02,23:25:54,-07:00,2025-05-02T23:25:54-07:00,0,41
style.css,373,css,4709e479,Juntong Ye,2025-05-02,23:25:54,-07:00,2025-05-02T23:25:54-07:00,0,40
style.css,374,css,4709e479,Juntong Ye,2025-05-02,23:25:54,-07:00,2025-05-02T23:25:54-07:00,0,19
style.css,375,css,4709e479,Juntong Ye,2025-05-02,23:25:54,-07:00,2025-05-02T23:25:54-07:00,0,0
style.css,376,css,4709e479,Juntong Ye,2025-05-02,23:25:54,-07:00,2025-05-02T23:25:54-07:00,0,0
style.css,377,css,4709e479,Juntong Ye,2025-05-02,23:25:54,-07:00,2025-05-02T23:25:54-07:00,0,0
style.css,378,css,4709e479,Juntong Ye,2025-05-02,23:25:54,-07:00,2025-05-02T23:25:54-07:00,0,9
style.css,379,css,4709e479,Juntong Ye,2025-05-02,23:25:54,-07:00,2025-05-02T23:25:54-07:00,0,11
style.css,380,css,4709e479,Juntong Ye,2025-05-02,23:25:54,-07:00,2025-05-02T23:25:54-07:00,0,13
style.css,381,css,4709e479,Juntong Ye,2025-05-02,23:25:54,-07:00,2025-05-02T23:25:54-07:00,0,19
style.css,382,css,4709e479,Juntong Ye,2025-05-02,23:25:54,-07:00,2025-05-02T23:25:54-07:00,0,11
style.css,383,css,4709e479,Juntong Ye,2025-05-02,23:25:54,-07:00,2025-05-02T23:25:54-07:00,0,16
style.css,384,css,4709e479,Juntong Ye,2025-05-02,23:25:54,-07:00,2025-05-02T23:25:54-07:00,0,15
style.css,385,css,4709e479,Juntong Ye,2025-05-02,23:25:54,-07:00,2025-05-02T23:25:54-07:00,0,30
style.css,386,css,4709e479,Juntong Ye,2025-05-02,23:25:54,-07:00,2025-05-02T23:25:54-07:00,0,0
style.css,387,css,4709e479,Juntong Ye,2025-05-02,23:25:54,-07:00,2025-05-02T23:25:54-07:00,0,0
style.css,388,css,4709e479,Juntong Ye,2025-05-02,23:25:54,-07:00,2025-05-02T23:25:54-07:00,0,10
style.css,389,css,4709e479,Juntong Ye,2025-05-02,23:25:54,-07:00,2025-05-02T23:25:54-07:00,0,20
style.css,390,css,4709e479,Juntong Ye,2025-05-02,23:25:54,-07:00,2025-05-02T23:25:54-07:00,0,16
style.css,391,css,4709e479,Juntong Ye,2025-05-02,23:25:54,-07:00,2025-05-02T23:25:54-07:00,0,11
style.css,392,css,4709e479,Juntong Ye,2025-05-02,23:25:54,-07:00,2025-05-02T23:25:54-07:00,0,12
style.css,393,css,4709e479,Juntong Ye,2025-05-02,23:25:54,-07:00,2025-05-02T23:25:54-07:00,0,18
style.css,394,css,4709e479,Juntong Ye,2025-05-02,23:25:54,-07:00,2025-05-02T23:25:54-07:00,0,21
style.css,395,css,4709e479,Juntong Ye,2025-05-02,23:25:54,-07:00,2025-05-02T23:25:54-07:00,0,33
style.css,396,css,4709e479,Juntong Ye,2025-05-02,23:25:54,-07:00,2025-05-02T23:25:54-07:00,0,0
style.css,397,css,4709e479,Juntong Ye,2025-05-02,23:25:54,-07:00,2025-05-02T23:25:54-07:00,0,6
style.css,398,css,4709e479,Juntong Ye,2025-05-02,23:25:54,-07:00,2025-05-02T23:25:54-07:00,0,10
style.css,399,css,4709e479,Juntong Ye,2025-05-02,23:25:54,-07:00,2025-05-02T23:25:54-07:00,0,11
style.css,400,css,4709e479,Juntong Ye,2025-05-02,23:25:54,-07:00,2025-05-02T23:25:54-07:00,0,14
style.css,401,css,4709e479,Juntong Ye,2025-05-02,23:25:54,-07:00,2025-05-02T23:25:54-07:00,0,15
style.css,402,css,4709e479,Juntong Ye,2025-05-02,23:25:54,-07:00,2025-05-02T23:25:54-07:00,0,22
style.css,403,css,4709e479,Juntong Ye,2025-05-02,23:25:54,-07:00,2025-05-02T23:25:54-07:00,0,22
style.css,404,css,4709e479,Juntong Ye,2025-05-02,23:25:54,-07:00,2025-05-02T23:25:54-07:00,0,18
style.css,405,css,4709e479,Juntong Ye,2025-05-02,23:25:54,-07:00,2025-05-02T23:25:54-07:00,0,14
style.css,406,css,4709e479,Juntong Ye,2025-05-02,23:25:54,-07:00,2025-05-02T23:25:54-07:00,0,14
style.css,407,css,4709e479,Juntong Ye,2025-05-02,23:25:54,-07:00,2025-05-02T23:25:54-07:00,0,0
style.css,408,css,4709e479,Juntong Ye,2025-05-02,23:25:54,-07:00,2025-05-02T23:25:54-07:00,0,0
style.css,409,css,4709e479,Juntong Ye,2025-05-02,23:25:54,-07:00,2025-05-02T23:25:54-07:00,0,5
style.css,410,css,4709e479,Juntong Ye,2025-05-02,23:25:54,-07:00,2025-05-02T23:25:54-07:00,0,15
style.css,411,css,4709e479,Juntong Ye,2025-05-02,23:25:54,-07:00,2025-05-02T23:25:54-07:00,0,25
style.css,412,css,4709e479,Juntong Ye,2025-05-02,23:25:54,-07:00,2025-05-02T23:25:54-07:00,0,0
style.css,413,css,4709e479,Juntong Ye,2025-05-02,23:25:54,-07:00,2025-05-02T23:25:54-07:00,0,0
style.css,414,css,4709e479,Juntong Ye,2025-05-02,23:25:54,-07:00,2025-05-02T23:25:54-07:00,0,47
style.css,415,css,4709e479,Juntong Ye,2025-05-02,23:25:54,-07:00,2025-05-02T23:25:54-07:00,0,12
style.css,416,css,4709e479,Juntong Ye,2025-05-02,23:25:54,-07:00,2025-05-02T23:25:54-07:00,0,0
style.css,417,css,4709e479,Juntong Ye,2025-05-02,23:25:54,-07:00,2025-05-02T23:25:54-07:00,0,0
style.css,418,css,4709e479,Juntong Ye,2025-05-02,23:25:54,-07:00,2025-05-02T23:25:54-07:00,0,10
style.css,419,css,4709e479,Juntong Ye,2025-05-02,23:25:54,-07:00,2025-05-02T23:25:54-07:00,0,36
style.css,420,css,4709e479,Juntong Ye,2025-05-02,23:25:54,-07:00,2025-05-02T23:25:54-07:00,0,0
style.css,421,css,4709e479,Juntong Ye,2025-05-02,23:25:54,-07:00,2025-05-02T23:25:54-07:00,0,0
style.css,422,css,4709e479,Juntong Ye,2025-05-02,23:25:54,-07:00,2025-05-02T23:25:54-07:00,0,19
style.css,423,css,4709e479,Juntong Ye,2025-05-02,23:25:54,-07:00,2025-05-02T23:25:54-07:00,0,18
style.css,424,css,4709e479,Juntong Ye,2025-05-02,23:25:54,-07:00,2025-05-02T23:25:54-07:00,0,0
style.css,425,css,4709e479,Juntong Ye,2025-05-02,23:25:54,-07:00,2025-05-02T23:25:54-07:00,0,0
style.css,426,css,4709e479,Juntong Ye,2025-05-02,23:25:54,-07:00,2025-05-02T23:25:54-07:00,0,20
style.css,427,css,4709e479,Juntong Ye,2025-05-02,23:25:54,-07:00,2025-05-02T23:25:54-07:00,0,26
style.css,428,css,4709e479,Juntong Ye,2025-05-02,23:25:54,-07:00,2025-05-02T23:25:54-07:00,0,45
style.css,429,css,4709e479,Juntong Ye,2025-05-02,23:25:54,-07:00,2025-05-02T23:25:54-07:00,0,0
project.js,1,js,67c9f683,Juntong Ye,2025-04-26,10:49:09,-07:00,2025-04-26T10:49:09-07:00,0,74
project.js,2,js,4709e479,Juntong Ye,2025-05-02,23:25:54,-07:00,2025-05-02T23:25:54-07:00,0,64
project.js,3,js,fa1b844f,Juntong Ye,2025-04-25,17:24:22,-07:00,2025-04-25T17:24:22-07:00,0,0
project.js,4,js,fc5ba8e9,Juntong Ye,2025-04-25,17:43:35,-07:00,2025-04-25T17:43:35-07:00,0,13
project.js,5,js,fa1b844f,Juntong Ye,2025-04-25,17:24:22,-07:00,2025-04-25T17:24:22-07:00,0,0
project.js,6,js,4709e479,Juntong Ye,2025-05-02,23:25:54,-07:00,2025-05-02T23:25:54-07:00,0,69
project.js,7,js,fa1b844f,Juntong Ye,2025-04-25,17:24:22,-07:00,2025-04-25T17:24:22-07:00,0,61
project.js,8,js,4709e479,Juntong Ye,2025-05-02,23:25:54,-07:00,2025-05-02T23:25:54-07:00,0,62
project.js,9,js,4709e479,Juntong Ye,2025-05-02,23:25:54,-07:00,2025-05-02T23:25:54-07:00,0,56
project.js,10,js,4709e479,Juntong Ye,2025-05-02,23:25:54,-07:00,2025-05-02T23:25:54-07:00,0,43
project.js,11,js,4709e479,Juntong Ye,2025-05-02,23:25:54,-07:00,2025-05-02T23:25:54-07:00,0,57
project.js,12,js,4709e479,Juntong Ye,2025-05-02,23:25:54,-07:00,2025-05-02T23:25:54-07:00,0,50
project.js,13,js,fa1b844f,Juntong Ye,2025-04-25,17:24:22,-07:00,2025-04-25T17:24:22-07:00,0,0
project.js,14,js,4709e479,Juntong Ye,2025-05-02,23:25:54,-07:00,2025-05-02T23:25:54-07:00,0,22
project.js,15,js,d0fb5169,Juntong Ye,2025-04-26,11:02:05,-07:00,2025-04-26T11:02:05-07:00,0,0
project.js,16,js,4709e479,Juntong Ye,2025-05-02,23:25:54,-07:00,2025-05-02T23:25:54-07:00,0,40
project.js,17,js,4709e479,Juntong Ye,2025-05-02,23:25:54,-07:00,2025-05-02T23:25:54-07:00,0,30
project.js,18,js,4709e479,Juntong Ye,2025-05-02,23:25:54,-07:00,2025-05-02T23:25:54-07:00,0,30
project.js,19,js,4709e479,Juntong Ye,2025-05-02,23:25:54,-07:00,2025-05-02T23:25:54-07:00,0,0
project.js,20,js,4709e479,Juntong Ye,2025-05-02,23:25:54,-07:00,2025-05-02T23:25:54-07:00,0,21
project.js,21,js,4709e479,Juntong Ye,2025-05-02,23:25:54,-07:00,2025-05-02T23:25:54-07:00,0,30
project.js,22,js,4709e479,Juntong Ye,2025-05-02,23:25:54,-07:00,2025-05-02T23:25:54-07:00,0,50
project.js,23,js,4709e479,Juntong Ye,2025-05-02,23:25:54,-07:00,2025-05-02T23:25:54-07:00,0,0
project.js,24,js,4709e479,Juntong Ye,2025-05-02,23:25:54,-07:00,2025-05-02T23:25:54-07:00,0,0
project.js,25,js,4709e479,Juntong Ye,2025-05-02,23:25:54,-07:00,2025-05-02T23:25:54-07:00,0,71
project.js,26,js,4709e479,Juntong Ye,2025-05-02,23:25:54,-07:00,2025-05-02T23:25:54-07:00,0,11
project.js,27,js,4709e479,Juntong Ye,2025-05-02,23:25:54,-07:00,2025-05-02T23:25:54-07:00,0,11
project.js,28,js,4709e479,Juntong Ye,2025-05-02,23:25:54,-07:00,2025-05-02T23:25:54-07:00,0,3
project.js,29,js,4709e479,Juntong Ye,2025-05-02,23:25:54,-07:00,2025-05-02T23:25:54-07:00,0,0
project.js,30,js,4709e479,Juntong Ye,2025-05-02,23:25:54,-07:00,2025-05-02T23:25:54-07:00,0,40
project.js,31,js,4709e479,Juntong Ye,2025-05-02,23:25:54,-07:00,2025-05-02T23:25:54-07:00,0,60
project.js,32,js,4709e479,Juntong Ye,2025-05-02,23:25:54,-07:00,2025-05-02T23:25:54-07:00,0,32
project.js,33,js,4709e479,Juntong Ye,2025-05-02,23:25:54,-07:00,2025-05-02T23:25:54-07:00,0,0
project.js,34,js,4709e479,Juntong Ye,2025-05-02,23:25:54,-07:00,2025-05-02T23:25:54-07:00,0,19
project.js,35,js,4709e479,Juntong Ye,2025-05-02,23:25:54,-07:00,2025-05-02T23:25:54-07:00,0,20
project.js,36,js,4709e479,Juntong Ye,2025-05-02,23:25:54,-07:00,2025-05-02T23:25:54-07:00,0,13
project.js,37,js,4709e479,Juntong Ye,2025-05-02,23:25:54,-07:00,2025-05-02T23:25:54-07:00,0,7
project.js,38,js,4709e479,Juntong Ye,2025-05-02,23:25:54,-07:00,2025-05-02T23:25:54-07:00,0,14
project.js,39,js,4709e479,Juntong Ye,2025-05-02,23:25:54,-07:00,2025-05-02T23:25:54-07:00,0,23
project.js,40,js,4709e479,Juntong Ye,2025-05-02,23:25:54,-07:00,2025-05-02T23:25:54-07:00,0,22
project.js,41,js,4709e479,Juntong Ye,2025-05-02,23:25:54,-07:00,2025-05-02T23:25:54-07:00,0,51
project.js,42,js,4709e479,Juntong Ye,2025-05-02,23:25:54,-07:00,2025-05-02T23:25:54-07:00,0,0
project.js,43,js,4709e479,Juntong Ye,2025-05-02,23:25:54,-07:00,2025-05-02T23:25:54-07:00,0,64
project.js,44,js,4709e479,Juntong Ye,2025-05-02,23:25:54,-07:00,2025-05-02T23:25:54-07:00,0,25
project.js,45,js,4709e479,Juntong Ye,2025-05-02,23:25:54,-07:00,2025-05-02T23:25:54-07:00,0,33
project.js,46,js,4709e479,Juntong Ye,2025-05-02,23:25:54,-07:00,2025-05-02T23:25:54-07:00,0,28
project.js,47,js,4709e479,Juntong Ye,2025-05-02,23:25:54,-07:00,2025-05-02T23:25:54-07:00,0,44
project.js,48,js,4709e479,Juntong Ye,2025-05-02,23:25:54,-07:00,2025-05-02T23:25:54-07:00,0,0
project.js,49,js,4709e479,Juntong Ye,2025-05-02,23:25:54,-07:00,2025-05-02T23:25:54-07:00,0,40
project.js,50,js,4709e479,Juntong Ye,2025-05-02,23:25:54,-07:00,2025-05-02T23:25:54-07:00,0,30
project.js,51,js,4709e479,Juntong Ye,2025-05-02,23:25:54,-07:00,2025-05-02T23:25:54-07:00,0,0
project.js,52,js,4709e479,Juntong Ye,2025-05-02,23:25:54,-07:00,2025-05-02T23:25:54-07:00,0,25
project.js,53,js,4709e479,Juntong Ye,2025-05-02,23:25:54,-07:00,2025-05-02T23:25:54-07:00,0,45
project.js,54,js,4709e479,Juntong Ye,2025-05-02,23:25:54,-07:00,2025-05-02T23:25:54-07:00,0,40
project.js,55,js,4709e479,Juntong Ye,2025-05-02,23:25:54,-07:00,2025-05-02T23:25:54-07:00,0,55
project.js,56,js,4709e479,Juntong Ye,2025-05-02,23:25:54,-07:00,2025-05-02T23:25:54-07:00,0,1
project.js,57,js,4709e479,Juntong Ye,2025-05-02,23:25:54,-07:00,2025-05-02T23:25:54-07:00,0,0
project.js,58,js,4709e479,Juntong Ye,2025-05-02,23:25:54,-07:00,2025-05-02T23:25:54-07:00,0,26
project.js,59,js,4709e479,Juntong Ye,2025-05-02,23:25:54,-07:00,2025-05-02T23:25:54-07:00,0,76
project.js,60,js,4709e479,Juntong Ye,2025-05-02,23:25:54,-07:00,2025-05-02T23:25:54-07:00,0,0
project.js,61,js,4709e479,Juntong Ye,2025-05-02,23:25:54,-07:00,2025-05-02T23:25:54-07:00,0,0
project.js,62,js,4709e479,Juntong Ye,2025-05-02,23:25:54,-07:00,2025-05-02T23:25:54-07:00,0,49
project.js,63,js,4709e479,Juntong Ye,2025-05-02,23:25:54,-07:00,2025-05-02T23:25:54-07:00,0,18
project.js,64,js,4709e479,Juntong Ye,2025-05-02,23:25:54,-07:00,2025-05-02T23:25:54-07:00,0,56
project.js,65,js,4709e479,Juntong Ye,2025-05-02,23:25:54,-07:00,2025-05-02T23:25:54-07:00,0,0
project.js,66,js,4709e479,Juntong Ye,2025-05-02,23:25:54,-07:00,2025-05-02T23:25:54-07:00,0,0
project.js,67,js,4709e479,Juntong Ye,2025-05-02,23:25:54,-07:00,2025-05-02T23:25:54-07:00,0,0
project.js,68,js,4709e479,Juntong Ye,2025-05-02,23:25:54,-07:00,2025-05-02T23:25:54-07:00,0,1
project.js,69,js,4709e479,Juntong Ye,2025-05-02,23:25:54,-07:00,2025-05-02T23:25:54-07:00,0,15
project.js,70,js,4709e479,Juntong Ye,2025-05-02,23:25:54,-07:00,2025-05-02T23:25:54-07:00,0,55
project.js,71,js,4709e479,Juntong Ye,2025-05-02,23:25:54,-07:00,2025-05-02T23:25:54-07:00,0,0
project.js,72,js,4709e479,Juntong Ye,2025-05-02,23:25:54,-07:00,2025-05-02T23:25:54-07:00,0,16
project.js,73,js,4709e479,Juntong Ye,2025-05-02,23:25:54,-07:00,2025-05-02T23:25:54-07:00,0,30
project.js,74,js,4709e479,Juntong Ye,2025-05-02,23:25:54,-07:00,2025-05-02T23:25:54-07:00,0,39
project.js,75,js,4709e479,Juntong Ye,2025-05-02,23:25:54,-07:00,2025-05-02T23:25:54-07:00,0,15
project.js,76,js,4709e479,Juntong Ye,2025-05-02,23:25:54,-07:00,2025-05-02T23:25:54-07:00,0,67
project.js,77,js,4709e479,Juntong Ye,2025-05-02,23:25:54,-07:00,2025-05-02T23:25:54-07:00,0,31
project.js,78,js,4709e479,Juntong Ye,2025-05-02,23:25:54,-07:00,2025-05-02T23:25:54-07:00,0,1
project.js,79,js,4709e479,Juntong Ye,2025-05-02,23:25:54,-07:00,2025-05-02T23:25:54-07:00,0,52
project.js,80,js,4709e479,Juntong Ye,2025-05-02,23:25:54,-07:00,2025-05-02T23:25:54-07:00,0,27
project.js,81,js,4709e479,Juntong Ye,2025-05-02,23:25:54,-07:00,2025-05-02T23:25:54-07:00,0,35
project.js,82,js,4709e479,Juntong Ye,2025-05-02,23:25:54,-07:00,2025-05-02T23:25:54-07:00,0,44
project.js,83,js,4709e479,Juntong Ye,2025-05-02,23:25:54,-07:00,2025-05-02T23:25:54-07:00,0,38
project.js,84,js,4709e479,Juntong Ye,2025-05-02,23:25:54,-07:00,2025-05-02T23:25:54-07:00,0,74
project.js,85,js,4709e479,Juntong Ye,2025-05-02,23:25:54,-07:00,2025-05-02T23:25:54-07:00,0,60
project.js,86,js,4709e479,Juntong Ye,2025-05-02,23:25:54,-07:00,2025-05-02T23:25:54-07:00,0,29
project.js,87,js,4709e479,Juntong Ye,2025-05-02,23:25:54,-07:00,2025-05-02T23:25:54-07:00,0,2
project.js,88,js,4709e479,Juntong Ye,2025-05-02,23:25:54,-07:00,2025-05-02T23:25:54-07:00,0,0
project.js,89,js,4709e479,Juntong Ye,2025-05-02,23:25:54,-07:00,2025-05-02T23:25:54-07:00,0,49
project.js,90,js,4709e479,Juntong Ye,2025-05-02,23:25:54,-07:00,2025-05-02T23:25:54-07:00,0,0
project.js,91,js,4709e479,Juntong Ye,2025-05-02,23:25:54,-07:00,2025-05-02T23:25:54-07:00,0,58
project.js,92,js,4709e479,Juntong Ye,2025-05-02,23:25:54,-07:00,2025-05-02T23:25:54-07:00,0,37
project.js,93,js,4709e479,Juntong Ye,2025-05-02,23:25:54,-07:00,2025-05-02T23:25:54-07:00,0,2
project.js,94,js,4709e479,Juntong Ye,2025-05-02,23:25:54,-07:00,2025-05-02T23:25:54-07:00,0,31
project.js,95,js,4709e479,Juntong Ye,2025-05-02,23:25:54,-07:00,2025-05-02T23:25:54-07:00,0,2
project.js,96,js,4709e479,Juntong Ye,2025-05-02,23:25:54,-07:00,2025-05-02T23:25:54-07:00,0,0
project.js,97,js,4709e479,Juntong Ye,2025-05-02,23:25:54,-07:00,2025-05-02T23:25:54-07:00,0,0
project.js,98,js,4709e479,Juntong Ye,2025-05-02,23:25:54,-07:00,2025-05-02T23:25:54-07:00,0,16
project.js,99,js,4709e479,Juntong Ye,2025-05-02,23:25:54,-07:00,2025-05-02T23:25:54-07:00,0,49
project.js,100,js,4709e479,Juntong Ye,2025-05-02,23:25:54,-07:00,2025-05-02T23:25:54-07:00,0,74
project.js,101,js,4709e479,Juntong Ye,2025-05-02,23:25:54,-07:00,2025-05-02T23:25:54-07:00,0,24
project.js,102,js,4709e479,Juntong Ye,2025-05-02,23:25:54,-07:00,2025-05-02T23:25:54-07:00,0,0
project.js,103,js,4709e479,Juntong Ye,2025-05-02,23:25:54,-07:00,2025-05-02T23:25:54-07:00,0,49
project.js,104,js,4709e479,Juntong Ye,2025-05-02,23:25:54,-07:00,2025-05-02T23:25:54-07:00,0,46
project.js,105,js,4709e479,Juntong Ye,2025-05-02,23:25:54,-07:00,2025-05-02T23:25:54-07:00,0,34
project.js,106,js,4709e479,Juntong Ye,2025-05-02,23:25:54,-07:00,2025-05-02T23:25:54-07:00,0,55
project.js,107,js,4709e479,Juntong Ye,2025-05-02,23:25:54,-07:00,2025-05-02T23:25:54-07:00,0,1
project.js,108,js,4709e479,Juntong Ye,2025-05-02,23:25:54,-07:00,2025-05-02T23:25:54-07:00,0,0
project.js,109,js,4709e479,Juntong Ye,2025-05-02,23:25:54,-07:00,2025-05-02T23:25:54-07:00,0,26
project.js,110,js,4709e479,Juntong Ye,2025-05-02,23:25:54,-07:00,2025-05-02T23:25:54-07:00,0,56
project.js,111,js,4709e479,Juntong Ye,2025-05-02,23:25:54,-07:00,2025-05-02T23:25:54-07:00,0,28
project.js,112,js,4709e479,Juntong Ye,2025-05-02,23:25:54,-07:00,2025-05-02T23:25:54-07:00,0,36
project.js,113,js,4709e479,Juntong Ye,2025-05-02,23:25:54,-07:00,2025-05-02T23:25:54-07:00,0,10
project.js,114,js,4709e479,Juntong Ye,2025-05-02,23:25:54,-07:00,2025-05-02T23:25:54-07:00,0,5
project.js,115,js,4709e479,Juntong Ye,2025-05-02,23:25:54,-07:00,2025-05-02T23:25:54-07:00,0,73
project.js,116,js,4709e479,Juntong Ye,2025-05-02,23:25:54,-07:00,2025-05-02T23:25:54-07:00,0,0
project.js,117,js,4709e479,Juntong Ye,2025-05-02,23:25:54,-07:00,2025-05-02T23:25:54-07:00,0,10
project.js,118,js,4709e479,Juntong Ye,2025-05-02,23:25:54,-07:00,2025-05-02T23:25:54-07:00,0,48
project.js,119,js,4709e479,Juntong Ye,2025-05-02,23:25:54,-07:00,2025-05-02T23:25:54-07:00,0,0
project.js,120,js,4709e479,Juntong Ye,2025-05-02,23:25:54,-07:00,2025-05-02T23:25:54-07:00,0,0
project.js,121,js,4709e479,Juntong Ye,2025-05-02,23:25:54,-07:00,2025-05-02T23:25:54-07:00,0,0
project.js,122,js,4709e479,Juntong Ye,2025-05-02,23:25:54,-07:00,2025-05-02T23:25:54-07:00,0,49
project.js,123,js,d0fb5169,Juntong Ye,2025-04-26,11:02:05,-07:00,2025-04-26T11:02:05-07:00,0,18
project.js,124,js,4709e479,Juntong Ye,2025-05-02,23:25:54,-07:00,2025-05-02T23:25:54-07:00,0,56
project.js,125,js,d0fb5169,Juntong Ye,2025-04-26,11:02:05,-07:00,2025-04-26T11:02:05-07:00,0,0
project.js,126,js,4709e479,Juntong Ye,2025-05-02,23:25:54,-07:00,2025-05-02T23:25:54-07:00,0,0
project.js,127,js,4709e479,Juntong Ye,2025-05-02,23:25:54,-07:00,2025-05-02T23:25:54-07:00,0,25
project.js,128,js,4709e479,Juntong Ye,2025-05-02,23:25:54,-07:00,2025-05-02T23:25:54-07:00,0,24
project.js,129,js,4709e479,Juntong Ye,2025-05-02,23:25:54,-07:00,2025-05-02T23:25:54-07:00,0,7
project.js,130,js,4709e479,Juntong Ye,2025-05-02,23:25:54,-07:00,2025-05-02T23:25:54-07:00,0,0
project.js,131,js,4709e479,Juntong Ye,2025-05-02,23:25:54,-07:00,2025-05-02T23:25:54-07:00,0,2
project.js,132,js,4709e479,Juntong Ye,2025-05-02,23:25:54,-07:00,2025-05-02T23:25:54-07:00,0,0
project.js,133,js,fc5ba8e9,Juntong Ye,2025-04-25,17:43:35,-07:00,2025-04-25T17:43:35-07:00,0,4
index.js,1,js,f3062fb6,Juntong Ye,2025-04-26,11:32:23,-07:00,2025-04-26T11:32:23-07:00,0,90
index.js,2,js,d0fb5169,Juntong Ye,2025-04-26,11:02:05,-07:00,2025-04-26T11:02:05-07:00,0,0
index.js,3,js,d0fb5169,Juntong Ye,2025-04-26,11:02:05,-07:00,2025-04-26T11:02:05-07:00,0,13
index.js,4,js,d0fb5169,Juntong Ye,2025-04-26,11:02:05,-07:00,2025-04-26T11:02:05-07:00,0,23
index.js,5,js,d0fb5169,Juntong Ye,2025-04-26,11:02:05,-07:00,2025-04-26T11:02:05-07:00,0,69
index.js,6,js,d0fb5169,Juntong Ye,2025-04-26,11:02:05,-07:00,2025-04-26T11:02:05-07:00,0,0
index.js,7,js,d0fb5169,Juntong Ye,2025-04-26,11:02:05,-07:00,2025-04-26T11:02:05-07:00,0,43
index.js,8,js,d0fb5169,Juntong Ye,2025-04-26,11:02:05,-07:00,2025-04-26T11:02:05-07:00,0,43
index.js,9,js,d0fb5169,Juntong Ye,2025-04-26,11:02:05,-07:00,2025-04-26T11:02:05-07:00,0,0
index.js,10,js,d0fb5169,Juntong Ye,2025-04-26,11:02:05,-07:00,2025-04-26T11:02:05-07:00,0,19
index.js,11,js,d0fb5169,Juntong Ye,2025-04-26,11:02:05,-07:00,2025-04-26T11:02:05-07:00,0,61
index.js,12,js,d0fb5169,Juntong Ye,2025-04-26,11:02:05,-07:00,2025-04-26T11:02:05-07:00,0,0
index.js,13,js,d0fb5169,Juntong Ye,2025-04-26,11:02:05,-07:00,2025-04-26T11:02:05-07:00,0,24
index.js,14,js,d0fb5169,Juntong Ye,2025-04-26,11:02:05,-07:00,2025-04-26T11:02:05-07:00,0,55
index.js,15,js,d0fb5169,Juntong Ye,2025-04-26,11:02:05,-07:00,2025-04-26T11:02:05-07:00,0,0
index.js,16,js,d0fb5169,Juntong Ye,2025-04-26,11:02:05,-07:00,2025-04-26T11:02:05-07:00,0,42
index.js,17,js,d0fb5169,Juntong Ye,2025-04-26,11:02:05,-07:00,2025-04-26T11:02:05-07:00,0,62
index.js,18,js,d0fb5169,Juntong Ye,2025-04-26,11:02:05,-07:00,2025-04-26T11:02:05-07:00,0,18
index.js,19,js,d0fb5169,Juntong Ye,2025-04-26,11:02:05,-07:00,2025-04-26T11:02:05-07:00,0,58
index.js,20,js,d0fb5169,Juntong Ye,2025-04-26,11:02:05,-07:00,2025-04-26T11:02:05-07:00,0,0
index.js,21,js,f3062fb6,Juntong Ye,2025-04-26,11:32:23,-07:00,2025-04-26T11:32:23-07:00,0,0
index.js,22,js,f3062fb6,Juntong Ye,2025-04-26,11:32:23,-07:00,2025-04-26T11:32:23-07:00,0,30
index.js,23,js,f3062fb6,Juntong Ye,2025-04-26,11:32:23,-07:00,2025-04-26T11:32:23-07:00,0,51
index.js,24,js,f3062fb6,Juntong Ye,2025-04-26,11:32:23,-07:00,2025-04-26T11:32:23-07:00,0,42
index.js,25,js,f3062fb6,Juntong Ye,2025-04-26,11:32:23,-07:00,2025-04-26T11:32:23-07:00,0,0
index.js,26,js,f3062fb6,Juntong Ye,2025-04-26,11:32:23,-07:00,2025-04-26T11:32:23-07:00,0,32
index.js,27,js,f3062fb6,Juntong Ye,2025-04-26,11:32:23,-07:00,2025-04-26T11:32:23-07:00,0,61
index.js,28,js,f3062fb6,Juntong Ye,2025-04-26,11:32:23,-07:00,2025-04-26T11:32:23-07:00,0,0
index.js,29,js,f3062fb6,Juntong Ye,2025-04-26,11:32:23,-07:00,2025-04-26T11:32:23-07:00,0,18
index.js,30,js,f3062fb6,Juntong Ye,2025-04-26,11:32:23,-07:00,2025-04-26T11:32:23-07:00,0,25
index.js,31,js,f3062fb6,Juntong Ye,2025-04-26,11:32:23,-07:00,2025-04-26T11:32:23-07:00,0,24
index.js,32,js,f3062fb6,Juntong Ye,2025-04-26,11:32:23,-07:00,2025-04-26T11:32:23-07:00,0,77
index.js,33,js,f3062fb6,Juntong Ye,2025-04-26,11:32:23,-07:00,2025-04-26T11:32:23-07:00,0,24
index.js,34,js,f3062fb6,Juntong Ye,2025-04-26,11:32:23,-07:00,2025-04-26T11:32:23-07:00,0,23
index.js,35,js,f3062fb6,Juntong Ye,2025-04-26,11:32:23,-07:00,2025-04-26T11:32:23-07:00,0,24
index.js,36,js,f3062fb6,Juntong Ye,2025-04-26,11:32:23,-07:00,2025-04-26T11:32:23-07:00,0,49
index.js,37,js,f3062fb6,Juntong Ye,2025-04-26,11:32:23,-07:00,2025-04-26T11:32:23-07:00,0,49
index.js,38,js,f3062fb6,Juntong Ye,2025-04-26,11:32:23,-07:00,2025-04-26T11:32:23-07:00,0,55
index.js,39,js,f3062fb6,Juntong Ye,2025-04-26,11:32:23,-07:00,2025-04-26T11:32:23-07:00,0,55
index.js,40,js,f3062fb6,Juntong Ye,2025-04-26,11:32:23,-07:00,2025-04-26T11:32:23-07:00,0,4
index.js,41,js,f3062fb6,Juntong Ye,2025-04-26,11:32:23,-07:00,2025-04-26T11:32:23-07:00,0,5
index.js,42,js,f3062fb6,Juntong Ye,2025-04-26,11:32:23,-07:00,2025-04-26T11:32:23-07:00,0,5
index.js,43,js,f3062fb6,Juntong Ye,2025-04-26,11:32:23,-07:00,2025-04-26T11:32:23-07:00,0,1
index.js,44,js,f3062fb6,Juntong Ye,2025-04-26,11:32:23,-07:00,2025-04-26T11:32:23-07:00,0,0
index.js,45,js,f3062fb6,Juntong Ye,2025-04-26,11:32:23,-07:00,2025-04-26T11:32:23-07:00,0,0
index.js,46,js,f3062fb6,Juntong Ye,2025-04-26,11:32:23,-07:00,2025-04-26T11:32:23-07:00,0,0
index.js,47,js,d0fb5169,Juntong Ye,2025-04-26,11:02:05,-07:00,2025-04-26T11:02:05-07:00,0,4
index.html,1,html,e917bb19,Juntong Ye,2025-04-02,14:36:38,-07:00,2025-04-02T14:36:38-07:00,0,14
index.html,2,html,376e31cb,Juntong Ye,2025-04-17,19:06:36,-07:00,2025-04-17T19:06:36-07:00,0,28
index.html,3,html,e917bb19,Juntong Ye,2025-04-02,14:36:38,-07:00,2025-04-02T14:36:38-07:00,0,5
index.html,4,html,e917bb19,Juntong Ye,2025-04-02,14:36:38,-07:00,2025-04-02T14:36:38-07:00,0,21
index.html,5,html,e917bb19,Juntong Ye,2025-04-02,14:36:38,-07:00,2025-04-02T14:36:38-07:00,0,52
index.html,6,html,e917bb19,Juntong Ye,2025-04-02,14:36:38,-07:00,2025-04-02T14:36:38-07:00,0,69
index.html,7,html,e917bb19,Juntong Ye,2025-04-02,14:36:38,-07:00,2025-04-02T14:36:38-07:00,0,53
index.html,8,html,deac9d85,Juntong Ye,2025-04-11,20:44:27,-07:00,2025-04-11T20:44:27-07:00,0,39
index.html,9,html,376e31cb,Juntong Ye,2025-04-17,19:06:36,-07:00,2025-04-17T19:06:36-07:00,0,52
index.html,10,html,d0fb5169,Juntong Ye,2025-04-26,11:02:05,-07:00,2025-04-26T11:02:05-07:00,0,51
index.html,11,html,f3062fb6,Juntong Ye,2025-04-26,11:32:23,-07:00,2025-04-26T11:32:23-07:00,0,0
index.html,12,html,e917bb19,Juntong Ye,2025-04-02,14:36:38,-07:00,2025-04-02T14:36:38-07:00,0,6
index.html,13,html,e917bb19,Juntong Ye,2025-04-02,14:36:38,-07:00,2025-04-02T14:36:38-07:00,0,5
index.html,14,html,deac9d85,Juntong Ye,2025-04-11,20:44:27,-07:00,2025-04-11T20:44:27-07:00,0,18
index.html,15,html,e917bb19,Juntong Ye,2025-04-02,14:36:38,-07:00,2025-04-02T14:36:38-07:00,0,0
index.html,16,html,deac9d85,Juntong Ye,2025-04-11,20:44:27,-07:00,2025-04-11T20:44:27-07:00,0,2
index.html,17,html,0c65fd46,Juntong Ye,2025-05-05,09:57:43,-07:00,2025-05-05T09:57:43-07:00,0,87
index.html,18,html,e917bb19,Juntong Ye,2025-04-02,14:36:38,-07:00,2025-04-02T14:36:38-07:00,0,0
index.html,19,html,deac9d85,Juntong Ye,2025-04-11,20:44:27,-07:00,2025-04-11T20:44:27-07:00,0,3
index.html,20,html,deac9d85,Juntong Ye,2025-04-11,20:44:27,-07:00,2025-04-11T20:44:27-07:00,0,84
index.html,21,html,d0fb5169,Juntong Ye,2025-04-26,11:02:05,-07:00,2025-04-26T11:02:05-07:00,0,23
index.html,22,html,d0fb5169,Juntong Ye,2025-04-26,11:02:05,-07:00,2025-04-26T11:02:05-07:00,0,21
index.html,23,html,d0fb5169,Juntong Ye,2025-04-26,11:02:05,-07:00,2025-04-26T11:02:05-07:00,0,50
index.html,24,html,d0fb5169,Juntong Ye,2025-04-26,11:02:05,-07:00,2025-04-26T11:02:05-07:00,0,5
index.html,25,html,f3062fb6,Juntong Ye,2025-04-26,11:32:23,-07:00,2025-04-26T11:32:23-07:00,0,29
index.html,26,html,f3062fb6,Juntong Ye,2025-04-26,11:32:23,-07:00,2025-04-26T11:32:23-07:00,0,0
index.html,27,html,e917bb19,Juntong Ye,2025-04-02,14:36:38,-07:00,2025-04-02T14:36:38-07:00,0,0
index.html,28,html,e917bb19,Juntong Ye,2025-04-02,14:36:38,-07:00,2025-04-02T14:36:38-07:00,0,6
index.html,29,html,e917bb19,Juntong Ye,2025-04-02,14:36:38,-07:00,2025-04-02T14:36:38-07:00,0,6
global.js,1,js,376e31cb,Juntong Ye,2025-04-17,19:06:36,-07:00,2025-04-17T19:06:36-07:00,0,26
global.js,2,js,376e31cb,Juntong Ye,2025-04-17,19:06:36,-07:00,2025-04-17T19:06:36-07:00,0,0
global.js,3,js,376e31cb,Juntong Ye,2025-04-17,19:06:36,-07:00,2025-04-17T19:06:36-07:00,0,24
global.js,4,js,376e31cb,Juntong Ye,2025-04-17,19:06:36,-07:00,2025-04-17T19:06:36-07:00,0,12
global.js,5,js,376e31cb,Juntong Ye,2025-04-17,19:06:36,-07:00,2025-04-17T19:06:36-07:00,0,34
global.js,6,js,376e31cb,Juntong Ye,2025-04-17,19:06:36,-07:00,2025-04-17T19:06:36-07:00,0,38
global.js,7,js,376e31cb,Juntong Ye,2025-04-17,19:06:36,-07:00,2025-04-17T19:06:36-07:00,0,38
global.js,8,js,376e31cb,Juntong Ye,2025-04-17,19:06:36,-07:00,2025-04-17T19:06:36-07:00,0,33
global.js,9,js,376e31cb,Juntong Ye,2025-04-17,19:06:36,-07:00,2025-04-17T19:06:36-07:00,0,53
global.js,10,js,376e31cb,Juntong Ye,2025-04-17,19:06:36,-07:00,2025-04-17T19:06:36-07:00,0,1
global.js,11,js,376e31cb,Juntong Ye,2025-04-17,19:06:36,-07:00,2025-04-17T19:06:36-07:00,0,0
global.js,12,js,376e31cb,Juntong Ye,2025-04-17,19:06:36,-07:00,2025-04-17T19:06:36-07:00,0,44
global.js,13,js,376e31cb,Juntong Ye,2025-04-17,19:06:36,-07:00,2025-04-17T19:06:36-07:00,0,39
global.js,14,js,376e31cb,Juntong Ye,2025-04-17,19:06:36,-07:00,2025-04-17T19:06:36-07:00,0,26
global.js,15,js,376e31cb,Juntong Ye,2025-04-17,19:06:36,-07:00,2025-04-17T19:06:36-07:00,0,0
global.js,16,js,376e31cb,Juntong Ye,2025-04-17,19:06:36,-07:00,2025-04-17T19:06:36-07:00,0,62
global.js,17,js,376e31cb,Juntong Ye,2025-04-17,19:06:36,-07:00,2025-04-17T19:06:36-07:00,0,71
global.js,18,js,376e31cb,Juntong Ye,2025-04-17,19:06:36,-07:00,2025-04-17T19:06:36-07:00,0,0
global.js,19,js,376e31cb,Juntong Ye,2025-04-17,19:06:36,-07:00,2025-04-17T19:06:36-07:00,0,30
global.js,20,js,376e31cb,Juntong Ye,2025-04-17,19:06:36,-07:00,2025-04-17T19:06:36-07:00,0,21
global.js,21,js,376e31cb,Juntong Ye,2025-04-17,19:06:36,-07:00,2025-04-17T19:06:36-07:00,0,17
global.js,22,js,376e31cb,Juntong Ye,2025-04-17,19:06:36,-07:00,2025-04-17T19:06:36-07:00,0,19
global.js,23,js,376e31cb,Juntong Ye,2025-04-17,19:06:36,-07:00,2025-04-17T19:06:36-07:00,0,0
global.js,24,js,376e31cb,Juntong Ye,2025-04-17,19:06:36,-07:00,2025-04-17T19:06:36-07:00,0,65
global.js,25,js,376e31cb,Juntong Ye,2025-04-17,19:06:36,-07:00,2025-04-17T19:06:36-07:00,0,0
global.js,26,js,376e31cb,Juntong Ye,2025-04-17,19:06:36,-07:00,2025-04-17T19:06:36-07:00,0,0
global.js,27,js,376e31cb,Juntong Ye,2025-04-17,19:06:36,-07:00,2025-04-17T19:06:36-07:00,0,27
global.js,28,js,376e31cb,Juntong Ye,2025-04-17,19:06:36,-07:00,2025-04-17T19:06:36-07:00,0,35
global.js,29,js,376e31cb,Juntong Ye,2025-04-17,19:06:36,-07:00,2025-04-17T19:06:36-07:00,0,12
global.js,30,js,376e31cb,Juntong Ye,2025-04-17,19:06:36,-07:00,2025-04-17T19:06:36-07:00,0,21
global.js,31,js,376e31cb,Juntong Ye,2025-04-17,19:06:36,-07:00,2025-04-17T19:06:36-07:00,0,13
global.js,32,js,376e31cb,Juntong Ye,2025-04-17,19:06:36,-07:00,2025-04-17T19:06:36-07:00,0,0
global.js,33,js,376e31cb,Juntong Ye,2025-04-17,19:06:36,-07:00,2025-04-17T19:06:36-07:00,0,66
global.js,34,js,376e31cb,Juntong Ye,2025-04-17,19:06:36,-07:00,2025-04-17T19:06:36-07:00,0,26
global.js,35,js,376e31cb,Juntong Ye,2025-04-17,19:06:36,-07:00,2025-04-17T19:06:36-07:00,0,0
global.js,36,js,376e31cb,Juntong Ye,2025-04-17,19:06:36,-07:00,2025-04-17T19:06:36-07:00,0,0
global.js,37,js,376e31cb,Juntong Ye,2025-04-17,19:06:36,-07:00,2025-04-17T19:06:36-07:00,0,25
global.js,38,js,376e31cb,Juntong Ye,2025-04-17,19:06:36,-07:00,2025-04-17T19:06:36-07:00,0,18
global.js,39,js,376e31cb,Juntong Ye,2025-04-17,19:06:36,-07:00,2025-04-17T19:06:36-07:00,0,0
global.js,40,js,376e31cb,Juntong Ye,2025-04-17,19:06:36,-07:00,2025-04-17T19:06:36-07:00,0,0
global.js,41,js,376e31cb,Juntong Ye,2025-04-17,19:06:36,-07:00,2025-04-17T19:06:36-07:00,0,0
global.js,42,js,376e31cb,Juntong Ye,2025-04-17,19:06:36,-07:00,2025-04-17T19:06:36-07:00,0,32
global.js,43,js,376e31cb,Juntong Ye,2025-04-17,19:06:36,-07:00,2025-04-17T19:06:36-07:00,0,0
global.js,44,js,376e31cb,Juntong Ye,2025-04-17,19:06:36,-07:00,2025-04-17T19:06:36-07:00,0,32
global.js,45,js,376e31cb,Juntong Ye,2025-04-17,19:06:36,-07:00,2025-04-17T19:06:36-07:00,0,12
global.js,46,js,376e31cb,Juntong Ye,2025-04-17,19:06:36,-07:00,2025-04-17T19:06:36-07:00,0,0
global.js,47,js,376e31cb,Juntong Ye,2025-04-17,19:06:36,-07:00,2025-04-17T19:06:36-07:00,0,27
global.js,48,js,376e31cb,Juntong Ye,2025-04-17,19:06:36,-07:00,2025-04-17T19:06:36-07:00,0,5
global.js,49,js,376e31cb,Juntong Ye,2025-04-17,19:06:36,-07:00,2025-04-17T19:06:36-07:00,0,25
global.js,50,js,376e31cb,Juntong Ye,2025-04-17,19:06:36,-07:00,2025-04-17T19:06:36-07:00,0,47
global.js,51,js,376e31cb,Juntong Ye,2025-04-17,19:06:36,-07:00,2025-04-17T19:06:36-07:00,0,35
global.js,52,js,376e31cb,Juntong Ye,2025-04-17,19:06:36,-07:00,2025-04-17T19:06:36-07:00,0,33
global.js,53,js,376e31cb,Juntong Ye,2025-04-17,19:06:36,-07:00,2025-04-17T19:06:36-07:00,0,35
global.js,54,js,376e31cb,Juntong Ye,2025-04-17,19:06:36,-07:00,2025-04-17T19:06:36-07:00,0,8
global.js,55,js,376e31cb,Juntong Ye,2025-04-17,19:06:36,-07:00,2025-04-17T19:06:36-07:00,0,7
global.js,56,js,376e31cb,Juntong Ye,2025-04-17,19:06:36,-07:00,2025-04-17T19:06:36-07:00,0,0
global.js,57,js,376e31cb,Juntong Ye,2025-04-17,19:06:36,-07:00,2025-04-17T19:06:36-07:00,0,1
global.js,58,js,376e31cb,Juntong Ye,2025-04-17,19:06:36,-07:00,2025-04-17T19:06:36-07:00,0,0
global.js,59,js,376e31cb,Juntong Ye,2025-04-17,19:06:36,-07:00,2025-04-17T19:06:36-07:00,0,37
global.js,60,js,376e31cb,Juntong Ye,2025-04-17,19:06:36,-07:00,2025-04-17T19:06:36-07:00,0,56
global.js,61,js,376e31cb,Juntong Ye,2025-04-17,19:06:36,-07:00,2025-04-17T19:06:36-07:00,0,0
global.js,62,js,376e31cb,Juntong Ye,2025-04-17,19:06:36,-07:00,2025-04-17T19:06:36-07:00,0,53
global.js,63,js,376e31cb,Juntong Ye,2025-04-17,19:06:36,-07:00,2025-04-17T19:06:36-07:00,0,35
global.js,64,js,376e31cb,Juntong Ye,2025-04-17,19:06:36,-07:00,2025-04-17T19:06:36-07:00,0,44
global.js,65,js,376e31cb,Juntong Ye,2025-04-17,19:06:36,-07:00,2025-04-17T19:06:36-07:00,0,28
global.js,66,js,376e31cb,Juntong Ye,2025-04-17,19:06:36,-07:00,2025-04-17T19:06:36-07:00,0,54
global.js,67,js,376e31cb,Juntong Ye,2025-04-17,19:06:36,-07:00,2025-04-17T19:06:36-07:00,0,7
global.js,68,js,376e31cb,Juntong Ye,2025-04-17,19:06:36,-07:00,2025-04-17T19:06:36-07:00,0,64
global.js,69,js,376e31cb,Juntong Ye,2025-04-17,19:06:36,-07:00,2025-04-17T19:06:36-07:00,0,0
global.js,70,js,376e31cb,Juntong Ye,2025-04-17,19:06:36,-07:00,2025-04-17T19:06:36-07:00,0,55
global.js,71,js,376e31cb,Juntong Ye,2025-04-17,19:06:36,-07:00,2025-04-17T19:06:36-07:00,0,0
global.js,72,js,376e31cb,Juntong Ye,2025-04-17,19:06:36,-07:00,2025-04-17T19:06:36-07:00,0,0
global.js,73,js,376e31cb,Juntong Ye,2025-04-17,19:06:36,-07:00,2025-04-17T19:06:36-07:00,0,51
global.js,74,js,376e31cb,Juntong Ye,2025-04-17,19:06:36,-07:00,2025-04-17T19:06:36-07:00,0,45
global.js,75,js,376e31cb,Juntong Ye,2025-04-17,19:06:36,-07:00,2025-04-17T19:06:36-07:00,0,29
global.js,76,js,376e31cb,Juntong Ye,2025-04-17,19:06:36,-07:00,2025-04-17T19:06:36-07:00,0,42
global.js,77,js,376e31cb,Juntong Ye,2025-04-17,19:06:36,-07:00,2025-04-17T19:06:36-07:00,0,0
global.js,78,js,376e31cb,Juntong Ye,2025-04-17,19:06:36,-07:00,2025-04-17T19:06:36-07:00,0,21
global.js,79,js,376e31cb,Juntong Ye,2025-04-17,19:06:36,-07:00,2025-04-17T19:06:36-07:00,0,54
global.js,80,js,376e31cb,Juntong Ye,2025-04-17,19:06:36,-07:00,2025-04-17T19:06:36-07:00,0,7
global.js,81,js,376e31cb,Juntong Ye,2025-04-17,19:06:36,-07:00,2025-04-17T19:06:36-07:00,0,57
global.js,82,js,376e31cb,Juntong Ye,2025-04-17,19:06:36,-07:00,2025-04-17T19:06:36-07:00,0,0
global.js,83,js,376e31cb,Juntong Ye,2025-04-17,19:06:36,-07:00,2025-04-17T19:06:36-07:00,0,2
global.js,84,js,376e31cb,Juntong Ye,2025-04-17,19:06:36,-07:00,2025-04-17T19:06:36-07:00,0,0
global.js,85,js,376e31cb,Juntong Ye,2025-04-17,19:06:36,-07:00,2025-04-17T19:06:36-07:00,0,51
global.js,86,js,376e31cb,Juntong Ye,2025-04-17,19:06:36,-07:00,2025-04-17T19:06:36-07:00,0,0
global.js,87,js,376e31cb,Juntong Ye,2025-04-17,19:06:36,-07:00,2025-04-17T19:06:36-07:00,0,46
global.js,88,js,376e31cb,Juntong Ye,2025-04-17,19:06:36,-07:00,2025-04-17T19:06:36-07:00,0,57
global.js,89,js,376e31cb,Juntong Ye,2025-04-17,19:06:36,-07:00,2025-04-17T19:06:36-07:00,0,0
global.js,90,js,376e31cb,Juntong Ye,2025-04-17,19:06:36,-07:00,2025-04-17T19:06:36-07:00,0,31
global.js,91,js,376e31cb,Juntong Ye,2025-04-17,19:06:36,-07:00,2025-04-17T19:06:36-07:00,0,64
global.js,92,js,376e31cb,Juntong Ye,2025-04-17,19:06:36,-07:00,2025-04-17T19:06:36-07:00,0,0
global.js,93,js,376e31cb,Juntong Ye,2025-04-17,19:06:36,-07:00,2025-04-17T19:06:36-07:00,0,61
global.js,94,js,376e31cb,Juntong Ye,2025-04-17,19:06:36,-07:00,2025-04-17T19:06:36-07:00,0,58
global.js,95,js,376e31cb,Juntong Ye,2025-04-17,19:06:36,-07:00,2025-04-17T19:06:36-07:00,0,0
global.js,96,js,376e31cb,Juntong Ye,2025-04-17,19:06:36,-07:00,2025-04-17T19:06:36-07:00,0,59
global.js,97,js,376e31cb,Juntong Ye,2025-04-17,19:06:36,-07:00,2025-04-17T19:06:36-07:00,0,25
global.js,98,js,fa1b844f,Juntong Ye,2025-04-25,17:24:22,-07:00,2025-04-25T17:24:22-07:00,0,2
global.js,99,js,fa1b844f,Juntong Ye,2025-04-25,17:24:22,-07:00,2025-04-25T17:24:22-07:00,0,0
global.js,100,js,fa1b844f,Juntong Ye,2025-04-25,17:24:22,-07:00,2025-04-25T17:24:22-07:00,0,37
global.js,101,js,67c9f683,Juntong Ye,2025-04-26,10:49:09,-07:00,2025-04-26T10:49:09-07:00,0,48
global.js,102,js,67c9f683,Juntong Ye,2025-04-26,10:49:09,-07:00,2025-04-26T10:49:09-07:00,0,0
global.js,103,js,fa1b844f,Juntong Ye,2025-04-25,17:24:22,-07:00,2025-04-25T17:24:22-07:00,0,4
global.js,104,js,fa1b844f,Juntong Ye,2025-04-25,17:24:22,-07:00,2025-04-25T17:24:22-07:00,0,33
global.js,105,js,fa1b844f,Juntong Ye,2025-04-25,17:24:22,-07:00,2025-04-25T17:24:22-07:00,0,18
global.js,106,js,fa1b844f,Juntong Ye,2025-04-25,17:24:22,-07:00,2025-04-25T17:24:22-07:00,0,67
global.js,107,js,fa1b844f,Juntong Ye,2025-04-25,17:24:22,-07:00,2025-04-25T17:24:22-07:00,0,0
global.js,108,js,fa1b844f,Juntong Ye,2025-04-25,17:24:22,-07:00,2025-04-25T17:24:22-07:00,0,34
global.js,109,js,fa1b844f,Juntong Ye,2025-04-25,17:24:22,-07:00,2025-04-25T17:24:22-07:00,0,11
global.js,110,js,fa1b844f,Juntong Ye,2025-04-25,17:24:22,-07:00,2025-04-25T17:24:22-07:00,0,16
global.js,111,js,fa1b844f,Juntong Ye,2025-04-25,17:24:22,-07:00,2025-04-25T17:24:22-07:00,0,60
global.js,112,js,fa1b844f,Juntong Ye,2025-04-25,17:24:22,-07:00,2025-04-25T17:24:22-07:00,0,0
global.js,113,js,fa1b844f,Juntong Ye,2025-04-25,17:24:22,-07:00,2025-04-25T17:24:22-07:00,0,0
global.js,114,js,fa1b844f,Juntong Ye,2025-04-25,17:24:22,-07:00,2025-04-25T17:24:22-07:00,0,0
global.js,115,js,67c9f683,Juntong Ye,2025-04-26,10:49:09,-07:00,2025-04-26T10:49:09-07:00,0,0
global.js,116,js,fa1b844f,Juntong Ye,2025-04-25,17:24:22,-07:00,2025-04-25T17:24:22-07:00,0,80
global.js,117,js,fa1b844f,Juntong Ye,2025-04-25,17:24:22,-07:00,2025-04-25T17:24:22-07:00,0,53
global.js,118,js,fa1b844f,Juntong Ye,2025-04-25,17:24:22,-07:00,2025-04-25T17:24:22-07:00,0,31
global.js,119,js,fa1b844f,Juntong Ye,2025-04-25,17:24:22,-07:00,2025-04-25T17:24:22-07:00,0,0
global.js,120,js,fa1b844f,Juntong Ye,2025-04-25,17:24:22,-07:00,2025-04-25T17:24:22-07:00,0,44
global.js,121,js,fa1b844f,Juntong Ye,2025-04-25,17:24:22,-07:00,2025-04-25T17:24:22-07:00,0,30
global.js,122,js,fa1b844f,Juntong Ye,2025-04-25,17:24:22,-07:00,2025-04-25T17:24:22-07:00,0,62
global.js,123,js,fa1b844f,Juntong Ye,2025-04-25,17:24:22,-07:00,2025-04-25T17:24:22-07:00,0,6
global.js,124,js,fa1b844f,Juntong Ye,2025-04-25,17:24:22,-07:00,2025-04-25T17:24:22-07:00,0,0
global.js,125,js,fa1b844f,Juntong Ye,2025-04-25,17:24:22,-07:00,2025-04-25T17:24:22-07:00,0,0
global.js,126,js,fa1b844f,Juntong Ye,2025-04-25,17:24:22,-07:00,2025-04-25T17:24:22-07:00,0,23
global.js,127,js,fa1b844f,Juntong Ye,2025-04-25,17:24:22,-07:00,2025-04-25T17:24:22-07:00,0,61
global.js,128,js,fa1b844f,Juntong Ye,2025-04-25,17:24:22,-07:00,2025-04-25T17:24:22-07:00,0,6
global.js,129,js,fa1b844f,Juntong Ye,2025-04-25,17:24:22,-07:00,2025-04-25T17:24:22-07:00,0,0
global.js,130,js,fa1b844f,Juntong Ye,2025-04-25,17:24:22,-07:00,2025-04-25T17:24:22-07:00,0,0
global.js,131,js,fa1b844f,Juntong Ye,2025-04-25,17:24:22,-07:00,2025-04-25T17:24:22-07:00,0,28
global.js,132,js,fa1b844f,Juntong Ye,2025-04-25,17:24:22,-07:00,2025-04-25T17:24:22-07:00,0,27
global.js,133,js,fa1b844f,Juntong Ye,2025-04-25,17:24:22,-07:00,2025-04-25T17:24:22-07:00,0,73
global.js,134,js,fa1b844f,Juntong Ye,2025-04-25,17:24:22,-07:00,2025-04-25T17:24:22-07:00,0,6
global.js,135,js,fa1b844f,Juntong Ye,2025-04-25,17:24:22,-07:00,2025-04-25T17:24:22-07:00,0,0
global.js,136,js,fa1b844f,Juntong Ye,2025-04-25,17:24:22,-07:00,2025-04-25T17:24:22-07:00,0,0
global.js,137,js,fa1b844f,Juntong Ye,2025-04-25,17:24:22,-07:00,2025-04-25T17:24:22-07:00,0,29
global.js,138,js,fa1b844f,Juntong Ye,2025-04-25,17:24:22,-07:00,2025-04-25T17:24:22-07:00,0,28
global.js,139,js,fa1b844f,Juntong Ye,2025-04-25,17:24:22,-07:00,2025-04-25T17:24:22-07:00,0,49
global.js,140,js,fa1b844f,Juntong Ye,2025-04-25,17:24:22,-07:00,2025-04-25T17:24:22-07:00,0,0
global.js,141,js,fa1b844f,Juntong Ye,2025-04-25,17:24:22,-07:00,2025-04-25T17:24:22-07:00,0,20
global.js,142,js,fa1b844f,Juntong Ye,2025-04-25,17:24:22,-07:00,2025-04-25T17:24:22-07:00,0,24
global.js,143,js,fa1b844f,Juntong Ye,2025-04-25,17:24:22,-07:00,2025-04-25T17:24:22-07:00,0,52
global.js,144,js,fa1b844f,Juntong Ye,2025-04-25,17:24:22,-07:00,2025-04-25T17:24:22-07:00,0,28
global.js,145,js,fa1b844f,Juntong Ye,2025-04-25,17:24:22,-07:00,2025-04-25T17:24:22-07:00,0,1
global.js,146,js,fa1b844f,Juntong Ye,2025-04-25,17:24:22,-07:00,2025-04-25T17:24:22-07:00,0,0
global.js,147,js,fa1b844f,Juntong Ye,2025-04-25,17:24:22,-07:00,2025-04-25T17:24:22-07:00,0,37
global.js,148,js,fa1b844f,Juntong Ye,2025-04-25,17:24:22,-07:00,2025-04-25T17:24:22-07:00,0,2
global.js,149,js,fa1b844f,Juntong Ye,2025-04-25,17:24:22,-07:00,2025-04-25T17:24:22-07:00,0,0
global.js,150,js,f3062fb6,Juntong Ye,2025-04-26,11:32:23,-07:00,2025-04-26T11:32:23-07:00,0,0
global.js,151,js,f3062fb6,Juntong Ye,2025-04-26,11:32:23,-07:00,2025-04-26T11:32:23-07:00,0,48
global.js,152,js,f3062fb6,Juntong Ye,2025-04-26,11:32:23,-07:00,2025-04-26T11:32:23-07:00,0,60
global.js,153,js,f3062fb6,Juntong Ye,2025-04-26,11:32:23,-07:00,2025-04-26T11:32:23-07:00,0,0
project/index.html,1,html,b1452227,Juntong Ye,2025-04-02,22:05:50,-07:00,2025-04-02T22:05:50-07:00,0,14
project/index.html,2,html,b1452227,Juntong Ye,2025-04-02,22:05:50,-07:00,2025-04-02T22:05:50-07:00,0,15
project/index.html,3,html,b1452227,Juntong Ye,2025-04-02,22:05:50,-07:00,2025-04-02T22:05:50-07:00,0,5
project/index.html,4,html,b1452227,Juntong Ye,2025-04-02,22:05:50,-07:00,2025-04-02T22:05:50-07:00,0,21
project/index.html,5,html,b1452227,Juntong Ye,2025-04-02,22:05:50,-07:00,2025-04-02T22:05:50-07:00,0,52
project/index.html,6,html,b1452227,Juntong Ye,2025-04-02,22:05:50,-07:00,2025-04-02T22:05:50-07:00,0,69
project/index.html,7,html,376e31cb,Juntong Ye,2025-04-17,19:06:36,-07:00,2025-04-17T19:06:36-07:00,0,22
project/index.html,8,html,deac9d85,Juntong Ye,2025-04-11,20:44:27,-07:00,2025-04-11T20:44:27-07:00,0,42
project/index.html,9,html,376e31cb,Juntong Ye,2025-04-17,19:06:36,-07:00,2025-04-17T19:06:36-07:00,0,55
project/index.html,10,html,a37ec8a2,Juntong Ye,2025-04-25,17:49:27,-07:00,2025-04-25T17:49:27-07:00,0,50
project/index.html,11,html,f3062fb6,Juntong Ye,2025-04-26,11:32:23,-07:00,2025-04-26T11:32:23-07:00,0,0
project/index.html,12,html,b1452227,Juntong Ye,2025-04-02,22:05:50,-07:00,2025-04-02T22:05:50-07:00,0,6
project/index.html,13,html,b1452227,Juntong Ye,2025-04-02,22:05:50,-07:00,2025-04-02T22:05:50-07:00,0,5
project/index.html,14,html,d0fb5169,Juntong Ye,2025-04-26,11:02:05,-07:00,2025-04-26T11:02:05-07:00,0,39
project/index.html,15,html,4709e479,Juntong Ye,2025-05-02,23:25:54,-07:00,2025-05-02T23:25:54-07:00,0,0
project/index.html,16,html,4709e479,Juntong Ye,2025-05-02,23:25:54,-07:00,2025-05-02T23:25:54-07:00,0,22
project/index.html,17,html,4709e479,Juntong Ye,2025-05-02,23:25:54,-07:00,2025-05-02T23:25:54-07:00,0,59
project/index.html,18,html,4709e479,Juntong Ye,2025-05-02,23:25:54,-07:00,2025-05-02T23:25:54-07:00,0,35
project/index.html,19,html,4709e479,Juntong Ye,2025-05-02,23:25:54,-07:00,2025-05-02T23:25:54-07:00,0,5
project/index.html,20,html,4709e479,Juntong Ye,2025-05-02,23:25:54,-07:00,2025-05-02T23:25:54-07:00,0,0
project/index.html,21,html,4709e479,Juntong Ye,2025-05-02,23:25:54,-07:00,2025-05-02T23:25:54-07:00,0,74
project/index.html,22,html,4709e479,Juntong Ye,2025-05-02,23:25:54,-07:00,2025-05-02T23:25:54-07:00,0,0
project/index.html,23,html,d0fb5169,Juntong Ye,2025-04-26,11:02:05,-07:00,2025-04-26T11:02:05-07:00,0,27
project/index.html,24,html,d0fb5169,Juntong Ye,2025-04-26,11:02:05,-07:00,2025-04-26T11:02:05-07:00,0,0
project/index.html,25,html,4709e479,Juntong Ye,2025-05-02,23:25:54,-07:00,2025-05-02T23:25:54-07:00,0,0
project/index.html,26,html,4709e479,Juntong Ye,2025-05-02,23:25:54,-07:00,2025-05-02T23:25:54-07:00,0,6
project/index.html,27,html,4709e479,Juntong Ye,2025-05-02,23:25:54,-07:00,2025-05-02T23:25:54-07:00,0,0
project/index.html,28,html,4709e479,Juntong Ye,2025-05-02,23:25:54,-07:00,2025-05-02T23:25:54-07:00,0,0
project/index.html,29,html,67c9f683,Juntong Ye,2025-04-26,10:49:09,-07:00,2025-04-26T10:49:09-07:00,0,6
cv/index.html,1,html,b1452227,Juntong Ye,2025-04-02,22:05:50,-07:00,2025-04-02T22:05:50-07:00,0,14
cv/index.html,2,html,b1452227,Juntong Ye,2025-04-02,22:05:50,-07:00,2025-04-02T22:05:50-07:00,0,15
cv/index.html,3,html,b1452227,Juntong Ye,2025-04-02,22:05:50,-07:00,2025-04-02T22:05:50-07:00,0,5
cv/index.html,4,html,b1452227,Juntong Ye,2025-04-02,22:05:50,-07:00,2025-04-02T22:05:50-07:00,0,21
cv/index.html,5,html,b1452227,Juntong Ye,2025-04-02,22:05:50,-07:00,2025-04-02T22:05:50-07:00,0,52
cv/index.html,6,html,b1452227,Juntong Ye,2025-04-02,22:05:50,-07:00,2025-04-02T22:05:50-07:00,0,69
cv/index.html,7,html,b1452227,Juntong Ye,2025-04-02,22:05:50,-07:00,2025-04-02T22:05:50-07:00,0,16
cv/index.html,8,html,deac9d85,Juntong Ye,2025-04-11,20:44:27,-07:00,2025-04-11T20:44:27-07:00,0,42
cv/index.html,9,html,376e31cb,Juntong Ye,2025-04-17,19:06:36,-07:00,2025-04-17T19:06:36-07:00,0,55
cv/index.html,10,html,deac9d85,Juntong Ye,2025-04-11,20:44:27,-07:00,2025-04-11T20:44:27-07:00,0,0
cv/index.html,11,html,b1452227,Juntong Ye,2025-04-02,22:05:50,-07:00,2025-04-02T22:05:50-07:00,0,6
cv/index.html,12,html,b1452227,Juntong Ye,2025-04-02,22:05:50,-07:00,2025-04-02T22:05:50-07:00,0,5
cv/index.html,13,html,b1452227,Juntong Ye,2025-04-02,22:05:50,-07:00,2025-04-02T22:05:50-07:00,0,0
cv/index.html,14,html,376e31cb,Juntong Ye,2025-04-17,19:06:36,-07:00,2025-04-17T19:06:36-07:00,0,7
cv/index.html,15,html,376e31cb,Juntong Ye,2025-04-17,19:06:36,-07:00,2025-04-17T19:06:36-07:00,0,18
cv/index.html,16,html,376e31cb,Juntong Ye,2025-04-17,19:06:36,-07:00,2025-04-17T19:06:36-07:00,0,181
cv/index.html,17,html,376e31cb,Juntong Ye,2025-04-17,19:06:36,-07:00,2025-04-17T19:06:36-07:00,0,8
cv/index.html,18,html,b1452227,Juntong Ye,2025-04-02,22:05:50,-07:00,2025-04-02T22:05:50-07:00,0,0
cv/index.html,19,html,376e31cb,Juntong Ye,2025-04-17,19:06:36,-07:00,2025-04-17T19:06:36-07:00,0,23
cv/index.html,20,html,376e31cb,Juntong Ye,2025-04-17,19:06:36,-07:00,2025-04-17T19:06:36-07:00,0,17
cv/index.html,21,html,376e31cb,Juntong Ye,2025-04-17,19:06:36,-07:00,2025-04-17T19:06:36-07:00,0,8
cv/index.html,22,html,376e31cb,Juntong Ye,2025-04-17,19:06:36,-07:00,2025-04-17T19:06:36-07:00,0,7
cv/index.html,23,html,376e31cb,Juntong Ye,2025-04-17,19:06:36,-07:00,2025-04-17T19:06:36-07:00,0,43
cv/index.html,24,html,376e31cb,Juntong Ye,2025-04-17,19:06:36,-07:00,2025-04-17T19:06:36-07:00,0,50
cv/index.html,25,html,deac9d85,Juntong Ye,2025-04-11,20:44:27,-07:00,2025-04-11T20:44:27-07:00,0,3
cv/index.html,26,html,376e31cb,Juntong Ye,2025-04-17,19:06:36,-07:00,2025-04-17T19:06:36-07:00,0,137
cv/index.html,27,html,deac9d85,Juntong Ye,2025-04-11,20:44:27,-07:00,2025-04-11T20:44:27-07:00,0,4
cv/index.html,28,html,376e31cb,Juntong Ye,2025-04-17,19:06:36,-07:00,2025-04-17T19:06:36-07:00,0,8
cv/index.html,29,html,376e31cb,Juntong Ye,2025-04-17,19:06:36,-07:00,2025-04-17T19:06:36-07:00,0,7
cv/index.html,30,html,376e31cb,Juntong Ye,2025-04-17,19:06:36,-07:00,2025-04-17T19:06:36-07:00,0,40
cv/index.html,31,html,376e31cb,Juntong Ye,2025-04-17,19:06:36,-07:00,2025-04-17T19:06:36-07:00,0,89
cv/index.html,32,html,deac9d85,Juntong Ye,2025-04-11,20:44:27,-07:00,2025-04-11T20:44:27-07:00,0,3
cv/index.html,33,html,376e31cb,Juntong Ye,2025-04-17,19:06:36,-07:00,2025-04-17T19:06:36-07:00,0,79
cv/index.html,34,html,376e31cb,Juntong Ye,2025-04-17,19:06:36,-07:00,2025-04-17T19:06:36-07:00,0,278
cv/index.html,35,html,deac9d85,Juntong Ye,2025-04-11,20:44:27,-07:00,2025-04-11T20:44:27-07:00,0,4
cv/index.html,36,html,376e31cb,Juntong Ye,2025-04-17,19:06:36,-07:00,2025-04-17T19:06:36-07:00,0,8
cv/index.html,37,html,376e31cb,Juntong Ye,2025-04-17,19:06:36,-07:00,2025-04-17T19:06:36-07:00,0,9
cv/index.html,38,html,376e31cb,Juntong Ye,2025-04-17,19:06:36,-07:00,2025-04-17T19:06:36-07:00,0,9
cv/index.html,39,html,b1452227,Juntong Ye,2025-04-02,22:05:50,-07:00,2025-04-02T22:05:50-07:00,0,0
cv/index.html,40,html,376e31cb,Juntong Ye,2025-04-17,19:06:36,-07:00,2025-04-17T19:06:36-07:00,0,20
cv/index.html,41,html,376e31cb,Juntong Ye,2025-04-17,19:06:36,-07:00,2025-04-17T19:06:36-07:00,0,24
cv/index.html,42,html,376e31cb,Juntong Ye,2025-04-17,19:06:36,-07:00,2025-04-17T19:06:36-07:00,0,3
cv/index.html,43,html,376e31cb,Juntong Ye,2025-04-17,19:06:36,-07:00,2025-04-17T19:06:36-07:00,0,79
cv/index.html,44,html,376e31cb,Juntong Ye,2025-04-17,19:06:36,-07:00,2025-04-17T19:06:36-07:00,0,68
cv/index.html,45,html,376e31cb,Juntong Ye,2025-04-17,19:06:36,-07:00,2025-04-17T19:06:36-07:00,0,73
cv/index.html,46,html,376e31cb,Juntong Ye,2025-04-17,19:06:36,-07:00,2025-04-17T19:06:36-07:00,0,4
cv/index.html,47,html,376e31cb,Juntong Ye,2025-04-17,19:06:36,-07:00,2025-04-17T19:06:36-07:00,0,9
cv/index.html,48,html,deac9d85,Juntong Ye,2025-04-11,20:44:27,-07:00,2025-04-11T20:44:27-07:00,0,0
cv/index.html,49,html,376e31cb,Juntong Ye,2025-04-17,19:06:36,-07:00,2025-04-17T19:06:36-07:00,0,22
cv/index.html,50,html,376e31cb,Juntong Ye,2025-04-17,19:06:36,-07:00,2025-04-17T19:06:36-07:00,0,27
cv/index.html,51,html,376e31cb,Juntong Ye,2025-04-17,19:06:36,-07:00,2025-04-17T19:06:36-07:00,0,8
cv/index.html,52,html,376e31cb,Juntong Ye,2025-04-17,19:06:36,-07:00,2025-04-17T19:06:36-07:00,0,7
cv/index.html,53,html,376e31cb,Juntong Ye,2025-04-17,19:06:36,-07:00,2025-04-17T19:06:36-07:00,0,38
cv/index.html,54,html,376e31cb,Juntong Ye,2025-04-17,19:06:36,-07:00,2025-04-17T19:06:36-07:00,0,47
cv/index.html,55,html,376e31cb,Juntong Ye,2025-04-17,19:06:36,-07:00,2025-04-17T19:06:36-07:00,0,8
cv/index.html,56,html,376e31cb,Juntong Ye,2025-04-17,19:06:36,-07:00,2025-04-17T19:06:36-07:00,0,3
cv/index.html,57,html,376e31cb,Juntong Ye,2025-04-17,19:06:36,-07:00,2025-04-17T19:06:36-07:00,0,219
cv/index.html,58,html,376e31cb,Juntong Ye,2025-04-17,19:06:36,-07:00,2025-04-17T19:06:36-07:00,0,132
cv/index.html,59,html,376e31cb,Juntong Ye,2025-04-17,19:06:36,-07:00,2025-04-17T19:06:36-07:00,0,215
cv/index.html,60,html,376e31cb,Juntong Ye,2025-04-17,19:06:36,-07:00,2025-04-17T19:06:36-07:00,0,128
cv/index.html,61,html,376e31cb,Juntong Ye,2025-04-17,19:06:36,-07:00,2025-04-17T19:06:36-07:00,0,109
cv/index.html,62,html,376e31cb,Juntong Ye,2025-04-17,19:06:36,-07:00,2025-04-17T19:06:36-07:00,0,4
cv/index.html,63,html,376e31cb,Juntong Ye,2025-04-17,19:06:36,-07:00,2025-04-17T19:06:36-07:00,0,9
cv/index.html,64,html,376e31cb,Juntong Ye,2025-04-17,19:06:36,-07:00,2025-04-17T19:06:36-07:00,0,8
cv/index.html,65,html,376e31cb,Juntong Ye,2025-04-17,19:06:36,-07:00,2025-04-17T19:06:36-07:00,0,7
cv/index.html,66,html,376e31cb,Juntong Ye,2025-04-17,19:06:36,-07:00,2025-04-17T19:06:36-07:00,0,49
cv/index.html,67,html,376e31cb,Juntong Ye,2025-04-17,19:06:36,-07:00,2025-04-17T19:06:36-07:00,0,52
cv/index.html,68,html,376e31cb,Juntong Ye,2025-04-17,19:06:36,-07:00,2025-04-17T19:06:36-07:00,0,8
cv/index.html,69,html,376e31cb,Juntong Ye,2025-04-17,19:06:36,-07:00,2025-04-17T19:06:36-07:00,0,3
cv/index.html,70,html,376e31cb,Juntong Ye,2025-04-17,19:06:36,-07:00,2025-04-17T19:06:36-07:00,0,132
cv/index.html,71,html,376e31cb,Juntong Ye,2025-04-17,19:06:36,-07:00,2025-04-17T19:06:36-07:00,0,182
cv/index.html,72,html,376e31cb,Juntong Ye,2025-04-17,19:06:36,-07:00,2025-04-17T19:06:36-07:00,0,4
cv/index.html,73,html,376e31cb,Juntong Ye,2025-04-17,19:06:36,-07:00,2025-04-17T19:06:36-07:00,0,9
cv/index.html,74,html,376e31cb,Juntong Ye,2025-04-17,19:06:36,-07:00,2025-04-17T19:06:36-07:00,0,9
cv/index.html,75,html,376e31cb,Juntong Ye,2025-04-17,19:06:36,-07:00,2025-04-17T19:06:36-07:00,0,0
cv/index.html,76,html,376e31cb,Juntong Ye,2025-04-17,19:06:36,-07:00,2025-04-17T19:06:36-07:00,0,24
cv/index.html,77,html,376e31cb,Juntong Ye,2025-04-17,19:06:36,-07:00,2025-04-17T19:06:36-07:00,0,18
cv/index.html,78,html,376e31cb,Juntong Ye,2025-04-17,19:06:36,-07:00,2025-04-17T19:06:36-07:00,0,8
cv/index.html,79,html,376e31cb,Juntong Ye,2025-04-17,19:06:36,-07:00,2025-04-17T19:06:36-07:00,0,7
cv/index.html,80,html,376e31cb,Juntong Ye,2025-04-17,19:06:36,-07:00,2025-04-17T19:06:36-07:00,0,26
cv/index.html,81,html,376e31cb,Juntong Ye,2025-04-17,19:06:36,-07:00,2025-04-17T19:06:36-07:00,0,74
cv/index.html,82,html,376e31cb,Juntong Ye,2025-04-17,19:06:36,-07:00,2025-04-17T19:06:36-07:00,0,8
cv/index.html,83,html,376e31cb,Juntong Ye,2025-04-17,19:06:36,-07:00,2025-04-17T19:06:36-07:00,0,3
cv/index.html,84,html,376e31cb,Juntong Ye,2025-04-17,19:06:36,-07:00,2025-04-17T19:06:36-07:00,0,99
cv/index.html,85,html,376e31cb,Juntong Ye,2025-04-17,19:06:36,-07:00,2025-04-17T19:06:36-07:00,0,67
cv/index.html,86,html,376e31cb,Juntong Ye,2025-04-17,19:06:36,-07:00,2025-04-17T19:06:36-07:00,0,4
cv/index.html,87,html,376e31cb,Juntong Ye,2025-04-17,19:06:36,-07:00,2025-04-17T19:06:36-07:00,0,9
cv/index.html,88,html,376e31cb,Juntong Ye,2025-04-17,19:06:36,-07:00,2025-04-17T19:06:36-07:00,0,9
cv/index.html,89,html,376e31cb,Juntong Ye,2025-04-17,19:06:36,-07:00,2025-04-17T19:06:36-07:00,0,0
cv/index.html,90,html,376e31cb,Juntong Ye,2025-04-17,19:06:36,-07:00,2025-04-17T19:06:36-07:00,0,24
cv/index.html,91,html,376e31cb,Juntong Ye,2025-04-17,19:06:36,-07:00,2025-04-17T19:06:36-07:00,0,23
cv/index.html,92,html,376e31cb,Juntong Ye,2025-04-17,19:06:36,-07:00,2025-04-17T19:06:36-07:00,0,8
cv/index.html,93,html,376e31cb,Juntong Ye,2025-04-17,19:06:36,-07:00,2025-04-17T19:06:36-07:00,0,7
cv/index.html,94,html,376e31cb,Juntong Ye,2025-04-17,19:06:36,-07:00,2025-04-17T19:06:36-07:00,0,38
cv/index.html,95,html,376e31cb,Juntong Ye,2025-04-17,19:06:36,-07:00,2025-04-17T19:06:36-07:00,0,57
cv/index.html,96,html,376e31cb,Juntong Ye,2025-04-17,19:06:36,-07:00,2025-04-17T19:06:36-07:00,0,8
cv/index.html,97,html,376e31cb,Juntong Ye,2025-04-17,19:06:36,-07:00,2025-04-17T19:06:36-07:00,0,3
cv/index.html,98,html,376e31cb,Juntong Ye,2025-04-17,19:06:36,-07:00,2025-04-17T19:06:36-07:00,0,133
cv/index.html,99,html,376e31cb,Juntong Ye,2025-04-17,19:06:36,-07:00,2025-04-17T19:06:36-07:00,0,116
cv/index.html,100,html,376e31cb,Juntong Ye,2025-04-17,19:06:36,-07:00,2025-04-17T19:06:36-07:00,0,4
cv/index.html,101,html,376e31cb,Juntong Ye,2025-04-17,19:06:36,-07:00,2025-04-17T19:06:36-07:00,0,9
cv/index.html,102,html,376e31cb,Juntong Ye,2025-04-17,19:06:36,-07:00,2025-04-17T19:06:36-07:00,0,9
cv/index.html,103,html,b1452227,Juntong Ye,2025-04-02,22:05:50,-07:00,2025-04-02T22:05:50-07:00,0,6
cv/index.html,104,html,b1452227,Juntong Ye,2025-04-02,22:05:50,-07:00,2025-04-02T22:05:50-07:00,0,6
contact/index.html,1,html,b1452227,Juntong Ye,2025-04-02,22:05:50,-07:00,2025-04-02T22:05:50-07:00,0,14
contact/index.html,2,html,b1452227,Juntong Ye,2025-04-02,22:05:50,-07:00,2025-04-02T22:05:50-07:00,0,15
contact/index.html,3,html,b1452227,Juntong Ye,2025-04-02,22:05:50,-07:00,2025-04-02T22:05:50-07:00,0,5
contact/index.html,4,html,b1452227,Juntong Ye,2025-04-02,22:05:50,-07:00,2025-04-02T22:05:50-07:00,0,21
contact/index.html,5,html,b1452227,Juntong Ye,2025-04-02,22:05:50,-07:00,2025-04-02T22:05:50-07:00,0,52
contact/index.html,6,html,b1452227,Juntong Ye,2025-04-02,22:05:50,-07:00,2025-04-02T22:05:50-07:00,0,69
contact/index.html,7,html,b1452227,Juntong Ye,2025-04-02,22:05:50,-07:00,2025-04-02T22:05:50-07:00,0,21
contact/index.html,8,html,deac9d85,Juntong Ye,2025-04-11,20:44:27,-07:00,2025-04-11T20:44:27-07:00,0,42
contact/index.html,9,html,376e31cb,Juntong Ye,2025-04-17,19:06:36,-07:00,2025-04-17T19:06:36-07:00,0,55
contact/index.html,10,html,deac9d85,Juntong Ye,2025-04-11,20:44:27,-07:00,2025-04-11T20:44:27-07:00,0,0
contact/index.html,11,html,b1452227,Juntong Ye,2025-04-02,22:05:50,-07:00,2025-04-02T22:05:50-07:00,0,6
contact/index.html,12,html,b1452227,Juntong Ye,2025-04-02,22:05:50,-07:00,2025-04-02T22:05:50-07:00,0,5
contact/index.html,13,html,376e31cb,Juntong Ye,2025-04-17,19:06:36,-07:00,2025-04-17T19:06:36-07:00,0,15
contact/index.html,14,html,376e31cb,Juntong Ye,2025-04-17,19:06:36,-07:00,2025-04-17T19:06:36-07:00,0,58
contact/index.html,15,html,376e31cb,Juntong Ye,2025-04-17,19:06:36,-07:00,2025-04-17T19:06:36-07:00,0,0
contact/index.html,16,html,376e31cb,Juntong Ye,2025-04-17,19:06:36,-07:00,2025-04-17T19:06:36-07:00,0,36
contact/index.html,17,html,376e31cb,Juntong Ye,2025-04-17,19:06:36,-07:00,2025-04-17T19:06:36-07:00,0,34
contact/index.html,18,html,376e31cb,Juntong Ye,2025-04-17,19:06:36,-07:00,2025-04-17T19:06:36-07:00,0,7
contact/index.html,19,html,376e31cb,Juntong Ye,2025-04-17,19:06:36,-07:00,2025-04-17T19:06:36-07:00,0,0
contact/index.html,20,html,376e31cb,Juntong Ye,2025-04-17,19:06:36,-07:00,2025-04-17T19:06:36-07:00,0,33
contact/index.html,21,html,376e31cb,Juntong Ye,2025-04-17,19:06:36,-07:00,2025-04-17T19:06:36-07:00,0,42
contact/index.html,22,html,376e31cb,Juntong Ye,2025-04-17,19:06:36,-07:00,2025-04-17T19:06:36-07:00,0,7
contact/index.html,23,html,376e31cb,Juntong Ye,2025-04-17,19:06:36,-07:00,2025-04-17T19:06:36-07:00,0,0
contact/index.html,24,html,376e31cb,Juntong Ye,2025-04-17,19:06:36,-07:00,2025-04-17T19:06:36-07:00,0,34
contact/index.html,25,html,376e31cb,Juntong Ye,2025-04-17,19:06:36,-07:00,2025-04-17T19:06:36-07:00,0,0
contact/index.html,26,html,376e31cb,Juntong Ye,2025-04-17,19:06:36,-07:00,2025-04-17T19:06:36-07:00,0,6
contact/index.html,27,html,b1452227,Juntong Ye,2025-04-02,22:05:50,-07:00,2025-04-02T22:05:50-07:00,0,6
contact/index.html,28,html,b1452227,Juntong Ye,2025-04-02,22:05:50,-07:00,2025-04-02T22:05:50-07:00,0,6
